-- phpMyAdmin SQL Dump
-- version 4.8.0.1
-- https://www.phpmyadmin.net/
--
-- Servidor: 127.0.0.1
-- Tiempo de generación: 13-03-2019 a las 22:53:59
-- Versión del servidor: 10.1.32-MariaDB
-- Versión de PHP: 7.2.5

SET SQL_MODE = "NO_AUTO_VALUE_ON_ZERO";
SET AUTOCOMMIT = 0;
START TRANSACTION;
SET time_zone = "+00:00";


/*!40101 SET @OLD_CHARACTER_SET_CLIENT=@@CHARACTER_SET_CLIENT */;
/*!40101 SET @OLD_CHARACTER_SET_RESULTS=@@CHARACTER_SET_RESULTS */;
/*!40101 SET @OLD_COLLATION_CONNECTION=@@COLLATION_CONNECTION */;
/*!40101 SET NAMES utf8mb4 */;

--
-- Base de datos: `eapi`
--

-- --------------------------------------------------------

--
-- Estructura de tabla para la tabla `migrations`
--

CREATE TABLE `migrations` (
  `id` int(10) UNSIGNED NOT NULL,
  `migration` varchar(191) COLLATE utf8mb4_unicode_ci NOT NULL,
  `batch` int(11) NOT NULL
) ENGINE=InnoDB DEFAULT CHARSET=utf8mb4 COLLATE=utf8mb4_unicode_ci;

--
-- Volcado de datos para la tabla `migrations`
--

INSERT INTO `migrations` (`id`, `migration`, `batch`) VALUES
(1, '2014_10_12_000000_create_users_table', 1),
(2, '2014_10_12_100000_create_password_resets_table', 1),
(3, '2019_03_12_181708_create_products_table', 1),
(4, '2019_03_12_181807_create_reviews_table', 1);

-- --------------------------------------------------------

--
-- Estructura de tabla para la tabla `password_resets`
--

CREATE TABLE `password_resets` (
  `email` varchar(191) COLLATE utf8mb4_unicode_ci NOT NULL,
  `token` varchar(191) COLLATE utf8mb4_unicode_ci NOT NULL,
  `created_at` timestamp NULL DEFAULT NULL
) ENGINE=InnoDB DEFAULT CHARSET=utf8mb4 COLLATE=utf8mb4_unicode_ci;

-- --------------------------------------------------------

--
-- Estructura de tabla para la tabla `products`
--

CREATE TABLE `products` (
  `id` int(10) UNSIGNED NOT NULL,
  `name` varchar(191) COLLATE utf8mb4_unicode_ci NOT NULL,
  `detail` text COLLATE utf8mb4_unicode_ci NOT NULL,
  `price` int(11) NOT NULL,
  `stock` int(11) NOT NULL,
  `discount` int(11) NOT NULL,
  `created_at` timestamp NULL DEFAULT NULL,
  `updated_at` timestamp NULL DEFAULT NULL
) ENGINE=InnoDB DEFAULT CHARSET=utf8mb4 COLLATE=utf8mb4_unicode_ci;

--
-- Volcado de datos para la tabla `products`
--

INSERT INTO `products` (`id`, `name`, `detail`, `price`, `stock`, `discount`, `created_at`, `updated_at`) VALUES
(1, 'quae', 'Tempore reiciendis qui officia voluptas ea. Nulla et ut accusantium magnam. Ab ipsam eos officia modi incidunt ullam.', 474, 3, 4, '2019-03-14 03:51:38', '2019-03-14 03:51:38'),
(2, 'eius', 'Odit et ipsa enim vel. Non id voluptatum aut qui et natus qui. Dicta molestiae inventore ut ea.', 588, 2, 15, '2019-03-14 03:51:38', '2019-03-14 03:51:38'),
(3, 'sed', 'Amet magnam optio omnis eveniet atque. Nesciunt fugiat ratione nisi est pariatur. Quis id dolores exercitationem. Voluptate qui enim in asperiores totam reprehenderit.', 682, 3, 19, '2019-03-14 03:51:38', '2019-03-14 03:51:38'),
(4, 'accusamus', 'Distinctio aspernatur et ut et quo. Ea omnis quia et facere. Reiciendis a voluptatum sed doloremque expedita. Illum reprehenderit expedita quibusdam harum harum.', 254, 0, 13, '2019-03-14 03:51:38', '2019-03-14 03:51:38'),
(5, 'aut', 'Rerum et error saepe et enim tempora. Explicabo dolores repellendus est iusto fuga velit sunt. Ut repellat nostrum consequatur odit quo possimus explicabo.', 832, 9, 22, '2019-03-14 03:51:39', '2019-03-14 03:51:39'),
(6, 'nisi', 'Rerum sit ratione voluptatem. Dolores facilis quos asperiores distinctio eos. Repellat quo dolorem laudantium asperiores assumenda.', 186, 9, 20, '2019-03-14 03:51:39', '2019-03-14 03:51:39'),
(7, 'nam', 'Magnam aut numquam cupiditate autem quisquam distinctio aliquam. Qui ipsam velit saepe iste. Consequatur commodi ut aliquam aut neque ullam.', 682, 0, 20, '2019-03-14 03:51:39', '2019-03-14 03:51:39'),
(8, 'velit', 'Sint sed molestias quam corporis omnis non. Incidunt odit neque adipisci excepturi sed dolor ea. Vero pariatur minima veniam sunt temporibus. Similique sunt voluptatem commodi ut. Et dolorem quis illum.', 879, 4, 17, '2019-03-14 03:51:39', '2019-03-14 03:51:39'),
(9, 'repudiandae', 'Voluptas voluptas esse rerum aut cupiditate et tempora consequuntur. Saepe quia iure ut doloribus sunt ut amet sit. Et nobis deserunt dolores voluptatem delectus. Iure natus impedit ullam ex nostrum natus.', 790, 2, 2, '2019-03-14 03:51:39', '2019-03-14 03:51:39'),
(10, 'similique', 'Aut totam sed consequatur rerum exercitationem minus. Eveniet modi atque nemo consectetur voluptates veniam nesciunt. Animi ad nostrum rem.', 434, 1, 17, '2019-03-14 03:51:39', '2019-03-14 03:51:39'),
(11, 'molestiae', 'Nulla est est debitis. Molestiae eos in ab nihil impedit sunt voluptatibus et. Dicta ea velit aut assumenda iure ad.', 761, 5, 19, '2019-03-14 03:51:39', '2019-03-14 03:51:39'),
(12, 'provident', 'Tempora harum voluptas et sed quos ea. Non omnis eius nihil nemo beatae magnam. Nihil eveniet facere est tempore.', 459, 1, 26, '2019-03-14 03:51:39', '2019-03-14 03:51:39'),
(13, 'fugit', 'Ut quod libero velit aliquam id. Optio dolore velit nemo aliquid ut earum ut. Asperiores dolores dolor nemo et laborum. Est ipsam est quia cum. Porro id possimus consequatur architecto.', 268, 7, 7, '2019-03-14 03:51:39', '2019-03-14 03:51:39'),
(14, 'quidem', 'Culpa voluptatibus ad aut ut occaecati. Cumque qui nostrum facilis voluptates magnam. Dolorem est doloremque omnis amet. Hic cupiditate tenetur blanditiis.', 579, 5, 2, '2019-03-14 03:51:39', '2019-03-14 03:51:39'),
(15, 'sint', 'Fugit aut ut iure quaerat quibusdam. Enim velit sint minus quasi voluptates quo. Mollitia voluptatem rerum sit ut veritatis tempora.', 541, 7, 16, '2019-03-14 03:51:39', '2019-03-14 03:51:39'),
(16, 'consequatur', 'Sequi et veniam totam eius beatae ut adipisci qui. Fugiat et aliquid cupiditate voluptas velit voluptatem.', 188, 1, 13, '2019-03-14 03:51:39', '2019-03-14 03:51:39'),
(17, 'cum', 'Commodi voluptas et a quam voluptatibus voluptatibus quas. Labore veritatis sed velit. Dolores quam voluptatem exercitationem est non animi. Vitae dolores dolore dolorem ut delectus accusantium id.', 898, 6, 9, '2019-03-14 03:51:39', '2019-03-14 03:51:39'),
(18, 'reprehenderit', 'Odio at dolorem est vitae corporis. Voluptatem odit minima non et ea. Deleniti qui ut ex incidunt. Quo corrupti mollitia quia voluptatem consectetur.', 172, 9, 19, '2019-03-14 03:51:39', '2019-03-14 03:51:39'),
(19, 'voluptas', 'Placeat autem dolorum odio. Consequuntur quia quasi ea neque accusamus ipsa. Eos aut fugiat est illo similique blanditiis aut non.', 855, 3, 25, '2019-03-14 03:51:39', '2019-03-14 03:51:39'),
(20, 'eligendi', 'Perspiciatis ducimus voluptatum ut vel id quas. Dicta quod pariatur illum ullam alias. Assumenda velit sed vero et doloribus.', 409, 0, 24, '2019-03-14 03:51:39', '2019-03-14 03:51:39'),
(21, 'minima', 'Voluptas at et ea repudiandae est excepturi. Illum nihil dolores incidunt quia at eos.', 115, 4, 7, '2019-03-14 03:51:39', '2019-03-14 03:51:39'),
(22, 'voluptatum', 'Quia vel repudiandae ea saepe est. Voluptas non animi fugit aut. Sapiente non nam autem omnis velit saepe.', 955, 6, 26, '2019-03-14 03:51:39', '2019-03-14 03:51:39'),
(23, 'rerum', 'Vel dolorem id ut ab temporibus dolorem tenetur. Laboriosam fuga laborum sunt sunt in aspernatur omnis. Asperiores sint ea asperiores sunt consectetur doloremque eaque. Blanditiis atque non sit itaque doloribus tempora mollitia consequuntur.', 501, 5, 26, '2019-03-14 03:51:39', '2019-03-14 03:51:39'),
(24, 'voluptates', 'Nemo debitis sit dicta quia sed est libero. Laboriosam distinctio rerum voluptates eos et. Quis laudantium nostrum qui quo et. Et adipisci atque explicabo velit. Nobis culpa qui et quia.', 567, 5, 25, '2019-03-14 03:51:39', '2019-03-14 03:51:39'),
(25, 'delectus', 'Animi velit earum nulla ea. Eum iste eos nostrum magni aliquid nemo. Laudantium qui ut tenetur officia consectetur nemo nam omnis.', 855, 1, 27, '2019-03-14 03:51:39', '2019-03-14 03:51:39'),
(26, 'praesentium', 'Fugit deleniti et occaecati consequatur. Blanditiis repudiandae maxime consectetur aut sapiente. Ea veniam est fugiat amet. Et rerum placeat ducimus ipsa sunt omnis ad. Id vel voluptatem omnis amet minus deleniti at.', 847, 8, 4, '2019-03-14 03:51:39', '2019-03-14 03:51:39'),
(27, 'dolores', 'Cupiditate pariatur eum et. Ex mollitia quia ut qui. Illo et eveniet est corrupti aperiam. Perspiciatis tempora nulla quo delectus perspiciatis consequatur. Omnis ut harum at modi nobis rerum ea et.', 562, 1, 24, '2019-03-14 03:51:40', '2019-03-14 03:51:40'),
(28, 'similique', 'Facilis voluptatem deleniti iusto molestiae. Occaecati nisi qui id. Voluptas et rem a sit libero amet voluptatem.', 527, 1, 21, '2019-03-14 03:51:40', '2019-03-14 03:51:40'),
(29, 'assumenda', 'Quibusdam facilis aliquam libero id facilis expedita distinctio veniam. Non quasi harum a omnis ut. Nulla aspernatur error voluptas similique.', 940, 3, 20, '2019-03-14 03:51:40', '2019-03-14 03:51:40'),
(30, 'velit', 'Et enim enim quod quis voluptatem quasi. Veritatis voluptas unde non aut. Nihil laudantium cum aut laboriosam commodi ea fuga dolor. Id architecto et placeat ad fugiat alias.', 223, 2, 16, '2019-03-14 03:51:40', '2019-03-14 03:51:40'),
(31, 'eum', 'Enim cumque porro et minima voluptates provident perferendis. Culpa atque est repudiandae cum laborum id. A asperiores amet est earum adipisci vel ut tenetur. Est ut repellat doloribus assumenda eaque.', 658, 3, 26, '2019-03-14 03:51:40', '2019-03-14 03:51:40'),
(32, 'iure', 'Non sed autem aut exercitationem eum dolores. Saepe accusantium qui consectetur velit. Quia libero non dolor. Magnam provident earum aliquam voluptates sint.', 213, 4, 27, '2019-03-14 03:51:40', '2019-03-14 03:51:40'),
(33, 'ut', 'Quaerat recusandae ipsam veritatis rerum fugiat vel at. Ea ab adipisci laudantium id. Qui veritatis est consequuntur maxime vitae earum. Rerum reprehenderit laboriosam facilis in id inventore quisquam.', 573, 9, 12, '2019-03-14 03:51:40', '2019-03-14 03:51:40'),
(34, 'repellendus', 'Sapiente aut et sit sint est. Ab delectus illo sint provident quasi qui aliquid. Maiores nihil quia deserunt sed. Vero et voluptates rem minima ullam provident aut.', 282, 4, 2, '2019-03-14 03:51:40', '2019-03-14 03:51:40'),
(35, 'repellat', 'Et ea autem tenetur. Sunt cupiditate et accusamus ea. Omnis aspernatur quia ratione consequatur quam. Molestias porro nihil cum voluptatum.', 499, 1, 8, '2019-03-14 03:51:40', '2019-03-14 03:51:40'),
(36, 'illo', 'Harum ex optio nihil eum. Dolorum hic aut molestias molestiae nihil distinctio molestiae sint. Nihil voluptatum inventore autem.', 596, 5, 5, '2019-03-14 03:51:40', '2019-03-14 03:51:40'),
(37, 'qui', 'Incidunt placeat impedit voluptatibus aut et molestias. Inventore numquam necessitatibus ducimus eius. Officia numquam est repudiandae enim tenetur optio veritatis. Enim qui quidem aut perferendis enim provident repudiandae tempore.', 754, 7, 3, '2019-03-14 03:51:40', '2019-03-14 03:51:40'),
(38, 'cupiditate', 'Et dolores vel accusamus eveniet distinctio quos dolorem quasi. Aperiam quis id velit dolores adipisci consequatur. Est qui vel harum est quibusdam aut. Dolor omnis culpa unde rerum illo vero ducimus.', 823, 2, 16, '2019-03-14 03:51:40', '2019-03-14 03:51:40'),
(39, 'cumque', 'Eveniet ullam illo maxime consequatur nam debitis. Dolores nostrum perferendis ullam dolorum nisi sapiente quibusdam. Omnis pariatur facilis distinctio non.', 642, 7, 7, '2019-03-14 03:51:40', '2019-03-14 03:51:40'),
(40, 'nihil', 'Reprehenderit qui ullam quo hic repudiandae facere voluptas. A sint earum recusandae repellendus et. Totam saepe et dolores ab.', 111, 4, 23, '2019-03-14 03:51:40', '2019-03-14 03:51:40'),
(41, 'corporis', 'Consequatur error at alias dignissimos. Aut aperiam amet aspernatur consectetur maxime reprehenderit eaque. Perferendis veritatis odit molestiae. Fugiat maiores qui et. Impedit ut quod reiciendis qui.', 687, 1, 7, '2019-03-14 03:51:40', '2019-03-14 03:51:40'),
(42, 'dignissimos', 'Assumenda facilis possimus sint vero. Repudiandae vitae aut quod commodi quia. Id dolore eum non quasi. Sapiente iure odio rerum fugit. Et repudiandae illum aut numquam qui molestiae.', 783, 6, 21, '2019-03-14 03:51:40', '2019-03-14 03:51:40'),
(43, 'quia', 'Quia sed inventore nulla enim recusandae voluptatibus. Officia et ut autem aspernatur vel et quia accusamus. Quia est quia enim sit et. Sequi consequatur eligendi et non excepturi ea.', 635, 8, 20, '2019-03-14 03:51:40', '2019-03-14 03:51:40'),
(44, 'in', 'Eos voluptatem quo voluptatem ut labore ipsum doloribus. Aut consequatur qui ut accusamus animi et. Nam vel quia consequatur veniam omnis dignissimos.', 203, 4, 21, '2019-03-14 03:51:40', '2019-03-14 03:51:40'),
(45, 'sit', 'Aut quo perferendis deleniti earum nam accusantium. Repellendus voluptate doloremque magnam ut illo. Ut molestiae recusandae quia quo tempora enim.', 950, 3, 3, '2019-03-14 03:51:40', '2019-03-14 03:51:40'),
(46, 'eius', 'Fugiat error cum facilis cupiditate quia. Tempora voluptatibus et omnis laboriosam. Amet deleniti eos rerum eos autem pariatur blanditiis. Molestiae libero ad est voluptas necessitatibus. Fugiat sequi temporibus dolores ullam ipsam rerum suscipit.', 744, 3, 7, '2019-03-14 03:51:40', '2019-03-14 03:51:40'),
(47, 'alias', 'Praesentium dolor exercitationem asperiores consequatur molestiae debitis recusandae dolorem. Laudantium atque natus ex qui soluta. Officia ducimus quia exercitationem et. Consequuntur error et eveniet quasi velit.', 901, 8, 23, '2019-03-14 03:51:40', '2019-03-14 03:51:40'),
(48, 'est', 'In aliquid maxime sit inventore et. Qui soluta eveniet modi quia sapiente aspernatur reiciendis. Voluptatibus aut optio numquam ab eligendi. Similique iure nemo autem architecto qui assumenda.', 722, 9, 19, '2019-03-14 03:51:40', '2019-03-14 03:51:40'),
(49, 'dolorum', 'Amet consectetur esse quis quisquam eius corporis. Et amet et aut eius dolorum. Non ut dolore illum magni recusandae placeat molestiae doloremque. Deserunt explicabo odio consectetur libero consequatur.', 947, 8, 7, '2019-03-14 03:51:40', '2019-03-14 03:51:40'),
(50, 'et', 'Quae quisquam et sunt excepturi nemo accusamus est. Rerum quia vero asperiores et nihil ad ducimus. Doloribus maiores autem eligendi autem.', 476, 8, 21, '2019-03-14 03:51:41', '2019-03-14 03:51:41');

-- --------------------------------------------------------

--
-- Estructura de tabla para la tabla `reviews`
--

CREATE TABLE `reviews` (
  `id` int(10) UNSIGNED NOT NULL,
  `product_id` int(10) UNSIGNED NOT NULL,
  `customer` varchar(191) COLLATE utf8mb4_unicode_ci NOT NULL,
  `review` text COLLATE utf8mb4_unicode_ci NOT NULL,
  `star` int(11) NOT NULL,
  `created_at` timestamp NULL DEFAULT NULL,
  `updated_at` timestamp NULL DEFAULT NULL
) ENGINE=InnoDB DEFAULT CHARSET=utf8mb4 COLLATE=utf8mb4_unicode_ci;

--
-- Volcado de datos para la tabla `reviews`
--

INSERT INTO `reviews` (`id`, `product_id`, `customer`, `review`, `star`, `created_at`, `updated_at`) VALUES
(1, 14, 'Dr. Gage Collins', 'Rerum necessitatibus error ducimus sint explicabo. Ea in iusto a voluptatum a nobis repellat. Doloremque quia eum qui doloribus autem quis dicta. Quis sed sit modi quis excepturi expedita.', 5, '2019-03-14 03:51:41', '2019-03-14 03:51:41'),
(2, 29, 'Brock Funk', 'Ducimus rerum culpa voluptate et est consequatur. Voluptas vel voluptatem culpa eligendi. Et vel et quos sed vitae quas dolorem quibusdam. Laudantium dicta sed iusto quisquam qui provident. Assumenda sit vel officia tenetur laudantium.', 3, '2019-03-14 03:51:41', '2019-03-14 03:51:41'),
(3, 3, 'Dr. Victoria Labadie', 'Ipsum tempora impedit nisi ducimus. Consequuntur esse quas aut aperiam reiciendis. Officia est totam libero. Minus aut nesciunt ipsam rerum voluptatem.', 3, '2019-03-14 03:51:41', '2019-03-14 03:51:41'),
(4, 5, 'Orin Barrows', 'Sequi quos ea eos qui voluptas sed nisi iusto. Aut ipsum similique eveniet laboriosam sed aut tempora.', 5, '2019-03-14 03:51:41', '2019-03-14 03:51:41'),
(5, 10, 'Miss Angeline Stiedemann PhD', 'Voluptas est omnis quam sed. Sapiente asperiores et iure voluptates nesciunt saepe ab. Mollitia corporis mollitia in excepturi.', 3, '2019-03-14 03:51:41', '2019-03-14 03:51:41'),
(6, 2, 'Elton McCullough IV', 'Tempore maxime velit nihil nesciunt labore ut. Sit corporis ducimus qui quam consequatur et ut. Quo qui ducimus animi. Facilis quia velit inventore voluptatibus tempore.', 3, '2019-03-14 03:51:41', '2019-03-14 03:51:41'),
(7, 49, 'Kenneth Dooley', 'Voluptates fuga iure nihil sint fuga molestias aut. Aut molestiae perferendis impedit voluptatem nihil aut. Aperiam voluptatem iure vitae esse mollitia reiciendis aut. Ut sapiente sed est quo adipisci rem ullam.', 4, '2019-03-14 03:51:42', '2019-03-14 03:51:42'),
(8, 24, 'Abdullah Schmidt', 'Unde aut adipisci illum inventore magnam. Vel non nostrum eos vel sed aut. Omnis voluptas est labore veritatis minus. Ipsa est repellat consequatur sed et et quibusdam.', 0, '2019-03-14 03:51:42', '2019-03-14 03:51:42'),
(9, 33, 'Prof. Sandy Kessler', 'Minus laboriosam voluptatibus rerum eius et laboriosam nihil rem. Dolorem sed aut voluptatem ut qui. Explicabo quidem impedit omnis eius aliquid.', 0, '2019-03-14 03:51:42', '2019-03-14 03:51:42'),
(10, 13, 'Monica Reichert', 'Quia esse ut expedita dolorem exercitationem. Exercitationem voluptates voluptatem numquam. Nemo magni magni natus. Et et et iusto et quidem et iure. Modi sapiente quasi adipisci corporis enim quos reiciendis.', 2, '2019-03-14 03:51:42', '2019-03-14 03:51:42'),
(11, 34, 'Ms. Aglae McDermott', 'Et blanditiis ut provident saepe fugiat nobis atque. Nihil sunt excepturi nam culpa voluptate. Et quaerat ut suscipit corporis nesciunt vero.', 1, '2019-03-14 03:51:42', '2019-03-14 03:51:42'),
(12, 49, 'Valentin Howell', 'Aut quisquam quaerat et pariatur ad corporis. Itaque voluptatum est illo. Non ab cupiditate quia quia voluptate tempore.', 4, '2019-03-14 03:51:42', '2019-03-14 03:51:42'),
(13, 32, 'Kaya West', 'Autem dolores ad ipsam quo adipisci. Earum harum labore incidunt enim. Sed voluptatem dolor suscipit animi tempora quae rerum. In aut quia et quaerat libero sed libero modi. Praesentium voluptatibus et saepe unde quae.', 0, '2019-03-14 03:51:42', '2019-03-14 03:51:42'),
(14, 42, 'Ryan Hill DDS', 'Nihil ad iste aut id impedit. Eligendi suscipit recusandae est et. Necessitatibus perferendis optio aliquam reprehenderit aliquam molestias. Hic libero eaque qui doloremque.', 5, '2019-03-14 03:51:42', '2019-03-14 03:51:42'),
(15, 48, 'Orland Marks', 'Saepe ullam porro aperiam. Vel necessitatibus culpa aut hic. Explicabo ipsum culpa veniam nulla.', 2, '2019-03-14 03:51:42', '2019-03-14 03:51:42'),
(16, 7, 'Karley Kris', 'Est accusamus nostrum saepe officia dignissimos. Qui natus eos quae consequatur reiciendis laudantium odio. Aperiam voluptas animi odio quas dolore.', 0, '2019-03-14 03:51:42', '2019-03-14 03:51:42'),
(17, 47, 'Scotty Kozey III', 'Nobis corporis voluptas voluptatem voluptas quia quo incidunt. Dolorem repellendus ex quasi rerum. Dolores est suscipit dolorem laboriosam et.', 4, '2019-03-14 03:51:42', '2019-03-14 03:51:42'),
(18, 6, 'Emmalee Johnston', 'Et ad vero eius temporibus. Delectus at reiciendis ipsam pariatur sint. Ratione maiores nobis voluptas eum eligendi eveniet nam.', 2, '2019-03-14 03:51:42', '2019-03-14 03:51:42'),
(19, 26, 'Flavie Corwin', 'Consequatur vel consectetur architecto et explicabo qui dolorem. Quis harum in aperiam suscipit delectus accusantium ea hic. Ratione vel officiis magnam voluptas ab porro nisi. Eum nostrum iure aut consectetur a in nulla.', 5, '2019-03-14 03:51:42', '2019-03-14 03:51:42'),
(20, 30, 'Prof. Dolly O\'Conner', 'Doloremque optio et repellat aliquid aut ex voluptatibus. Omnis accusantium consequatur ut voluptatibus quam. Rerum quos rerum aliquam accusantium voluptate tempora. Ut est voluptate assumenda vero sapiente asperiores maxime.', 2, '2019-03-14 03:51:42', '2019-03-14 03:51:42'),
(21, 2, 'Luciano Breitenberg', 'Adipisci aspernatur sed voluptas maxime officia id. Vel quaerat rerum perferendis nesciunt sed sequi. Labore aut ipsa magni. Voluptas quia temporibus inventore reiciendis nisi explicabo ex.', 0, '2019-03-14 03:51:42', '2019-03-14 03:51:42'),
(22, 11, 'Jarret Stroman', 'Ab quo earum modi suscipit sit. Omnis voluptate molestias eos. Nulla rerum voluptatibus consequatur et beatae maiores ea.', 4, '2019-03-14 03:51:42', '2019-03-14 03:51:42'),
(23, 24, 'Rosella Barton', 'Laborum quis quaerat nihil laborum eum aspernatur. Minus libero harum ea nobis est dolorem quam. Ad aliquam iste quisquam laborum saepe similique magnam. Beatae quo numquam qui molestias non.', 3, '2019-03-14 03:51:42', '2019-03-14 03:51:42'),
(24, 19, 'Coy Hoeger', 'Odio officiis laboriosam labore et iste sit. Eum quaerat qui voluptatibus quam aut repellat cum aperiam. Voluptas omnis autem error omnis sunt qui sequi. Sed earum consectetur repellendus.', 1, '2019-03-14 03:51:42', '2019-03-14 03:51:42'),
(25, 42, 'Quentin Kuhn', 'Voluptatem at nobis aut quidem. Magni laudantium earum pariatur eos velit. Et voluptatum qui facilis in. Quam accusantium beatae officiis a. Placeat veritatis eligendi consequuntur enim nesciunt rerum.', 0, '2019-03-14 03:51:42', '2019-03-14 03:51:42'),
(26, 10, 'Mrs. Kenna Emard Jr.', 'Cumque et labore tenetur dolorum iure. Aut qui harum eum omnis ex.', 4, '2019-03-14 03:51:42', '2019-03-14 03:51:42'),
(27, 1, 'Prof. Stanley Prohaska III', 'Ut animi totam vel quasi fugiat non. Ea voluptas aut nihil recusandae magnam corporis cumque. Suscipit sed eum quia repellendus. Ut est distinctio eius repudiandae accusantium voluptas eius.', 0, '2019-03-14 03:51:42', '2019-03-14 03:51:42'),
(28, 30, 'Sallie Lakin', 'Placeat eum distinctio optio praesentium ratione ut saepe. Doloremque est molestias perferendis voluptate. Velit voluptatibus voluptas non dolorem nesciunt qui sint.', 2, '2019-03-14 03:51:43', '2019-03-14 03:51:43'),
(29, 21, 'Dr. Carey Heidenreich', 'Tenetur eligendi in qui rem aut rem perferendis voluptatem. Dolores non aut exercitationem qui qui delectus eligendi. At quos impedit et et ut est.', 0, '2019-03-14 03:51:43', '2019-03-14 03:51:43'),
(30, 18, 'Burdette Zulauf', 'Dicta nihil sint consequatur molestiae sequi eveniet quia. Accusantium iure culpa ea nostrum ullam et. Voluptatum et non incidunt enim.', 0, '2019-03-14 03:51:43', '2019-03-14 03:51:43'),
(31, 9, 'Devin Dicki', 'Quisquam sed mollitia id eos sint aut sit ipsam. Sapiente ipsam delectus assumenda quo rem delectus assumenda.', 2, '2019-03-14 03:51:43', '2019-03-14 03:51:43'),
(32, 8, 'Verda Strosin', 'Vero sed et consequatur accusantium. Aliquam consequatur iste omnis quas a. Sit ipsam in voluptatem. Libero consequatur neque a velit repellat veritatis ullam.', 5, '2019-03-14 03:51:43', '2019-03-14 03:51:43'),
(33, 48, 'Arno Kiehn', 'Cumque quis quae officiis qui saepe aut. Quis odio repellat molestias debitis excepturi. Nobis possimus ullam voluptatum incidunt impedit aut similique aliquid. Odio id aliquid ea.', 2, '2019-03-14 03:51:43', '2019-03-14 03:51:43'),
(34, 8, 'Kailyn Hermiston', 'Qui veritatis delectus asperiores sit qui impedit. Et quasi beatae repellendus sit voluptates. Sed excepturi at quis aperiam. Nihil sed quis aliquid at veniam dolores maxime delectus.', 3, '2019-03-14 03:51:43', '2019-03-14 03:51:43'),
(35, 28, 'Dr. Jazmyne McKenzie V', 'Ipsam soluta quidem et velit esse sit. Reprehenderit doloremque odit sed id reiciendis maiores rerum eveniet. Ut quo rem saepe vel in et.', 4, '2019-03-14 03:51:43', '2019-03-14 03:51:43'),
(36, 22, 'Zachery Koss', 'Cupiditate nisi molestiae autem sunt quaerat similique. Enim repudiandae eos animi pariatur non qui. Delectus dolore debitis quos rerum corporis placeat aut. Vel facere labore fuga.', 2, '2019-03-14 03:51:43', '2019-03-14 03:51:43'),
(37, 13, 'Arnoldo Pfeffer', 'Non molestias quis esse quia provident. Ipsa molestiae et alias ea eius exercitationem in est. Eaque est nihil enim inventore fugit quia.', 3, '2019-03-14 03:51:43', '2019-03-14 03:51:43'),
(38, 10, 'Susana Kerluke PhD', 'Eum dolorem pariatur assumenda nam. Ex id aut illo est. Ullam quidem aperiam aut at quam magni non. Exercitationem sint quo quo quidem.', 0, '2019-03-14 03:51:43', '2019-03-14 03:51:43'),
(39, 17, 'Sven Sawayn', 'Beatae voluptas non quo quo dolor. Iure omnis consequatur est incidunt quos rerum et. Amet iure eveniet sit odio veniam.', 1, '2019-03-14 03:51:43', '2019-03-14 03:51:43'),
(40, 9, 'Lorna Gleason', 'Nemo tempore est repellat atque modi provident id. Sint deleniti et molestias ipsam et autem deleniti. Qui rerum omnis et libero repellendus. Quo velit quia aut consectetur.', 2, '2019-03-14 03:51:43', '2019-03-14 03:51:43'),
(41, 49, 'Tina Pfeffer II', 'Quidem corporis et fugit. Nobis maiores aut eos minima quia fugiat. Autem autem dolorem repellat architecto dolorum expedita. Voluptatem alias soluta voluptatem libero.', 4, '2019-03-14 03:51:43', '2019-03-14 03:51:43'),
(42, 3, 'Kris Cartwright', 'Et inventore eum accusantium quo quo voluptatem similique animi. Officia laboriosam nam doloribus tempore aut. Incidunt et ab in a vel sunt.', 1, '2019-03-14 03:51:43', '2019-03-14 03:51:43'),
(43, 33, 'Kelly Bosco', 'Qui laboriosam magni quae accusamus ut. Praesentium laborum adipisci mollitia aut voluptas consequatur deserunt.', 4, '2019-03-14 03:51:43', '2019-03-14 03:51:43'),
(44, 14, 'Jayne Schimmel', 'Vel provident deleniti molestiae eos assumenda. Distinctio magni et aut dolorem necessitatibus. Deleniti ut et incidunt. Eligendi natus ad quia consequatur nam.', 5, '2019-03-14 03:51:43', '2019-03-14 03:51:43'),
(45, 18, 'Jennifer Grant', 'Sit provident delectus autem maiores quam. Facere impedit beatae omnis tenetur ut consectetur dolores dicta. Iusto voluptas fuga recusandae odio omnis suscipit dolorum. Corporis aut aliquam repudiandae occaecati magni et.', 3, '2019-03-14 03:51:43', '2019-03-14 03:51:43'),
(46, 12, 'Bonita Bashirian', 'Molestias sapiente pariatur dolores. Corporis reiciendis vitae possimus hic vel. Molestias in exercitationem nihil cumque asperiores. Explicabo ea debitis in.', 4, '2019-03-14 03:51:43', '2019-03-14 03:51:43'),
(47, 25, 'Candida Ward', 'Facere voluptates atque et expedita. Qui blanditiis est debitis vero. Eos maiores quibusdam ut odio rerum. Ea cum tempora ratione esse labore eius officia.', 3, '2019-03-14 03:51:43', '2019-03-14 03:51:43'),
(48, 26, 'Khalil Rau', 'Provident nihil recusandae non. Sunt cumque amet rem facilis qui quo voluptatum. Quo repellat quibusdam neque voluptatem laborum et asperiores iure. Reiciendis excepturi qui sunt officiis ratione.', 5, '2019-03-14 03:51:43', '2019-03-14 03:51:43'),
(49, 8, 'Ms. Phoebe Brakus', 'Rerum sequi facere laudantium nobis enim officia. Tempore est nemo vitae recusandae ipsa sint blanditiis. Quia voluptatem delectus occaecati error quia.', 4, '2019-03-14 03:51:43', '2019-03-14 03:51:43'),
(50, 50, 'Paolo Weber', 'Dolorum cupiditate aut odio odit. Cupiditate dolores nisi nulla accusantium possimus modi. Fugit ea consequatur nam minima sapiente alias aliquam. Optio in quidem non eum dolore.', 1, '2019-03-14 03:51:44', '2019-03-14 03:51:44'),
(51, 49, 'Mr. Daren Bednar Jr.', 'Sit asperiores eius et similique qui inventore. Sit illum nisi impedit accusantium. Quas ut et numquam consequatur doloremque fugit sed voluptas. Nihil dolorum blanditiis amet excepturi ipsum.', 1, '2019-03-14 03:51:44', '2019-03-14 03:51:44'),
(52, 17, 'Dr. Emmy Olson Sr.', 'Sunt eveniet ab autem et est exercitationem consequatur. Autem nihil minus quaerat modi. Est velit necessitatibus nihil cumque optio perferendis sit at.', 3, '2019-03-14 03:51:44', '2019-03-14 03:51:44'),
(53, 45, 'Daphney Ruecker Sr.', 'Explicabo consequatur suscipit corrupti consequatur autem. Autem et asperiores voluptas nesciunt accusantium pariatur dolorem. Voluptas et maxime molestiae repellendus quos rem magnam. Non hic sed officia perferendis. Sit reiciendis dicta quae optio nam est vel excepturi.', 5, '2019-03-14 03:51:44', '2019-03-14 03:51:44'),
(54, 28, 'Brittany Lehner', 'Exercitationem tempore ut omnis nam temporibus. Necessitatibus earum eligendi voluptatibus incidunt rerum. Blanditiis occaecati sed quasi velit. Incidunt aut accusamus est ad.', 2, '2019-03-14 03:51:44', '2019-03-14 03:51:44'),
(55, 23, 'Prof. Scot Tremblay', 'Placeat et dolor sed et impedit debitis. Illum laborum modi eaque. Quia ab consectetur delectus quibusdam quaerat aut iste. Eaque facilis et cumque est maxime.', 4, '2019-03-14 03:51:44', '2019-03-14 03:51:44'),
(56, 30, 'Francesco Kilback DDS', 'Ut perspiciatis aliquid corrupti id architecto saepe. Impedit architecto repudiandae laboriosam saepe aliquid vel qui. Vel sit voluptatum consequatur vel. Voluptas nemo quos enim molestias expedita enim aperiam fuga.', 4, '2019-03-14 03:51:44', '2019-03-14 03:51:44'),
(57, 36, 'Desiree Skiles', 'Asperiores nihil ut libero est est. Deleniti in corporis dolorem sed harum. Molestiae nihil quisquam est incidunt.', 3, '2019-03-14 03:51:44', '2019-03-14 03:51:44'),
(58, 1, 'Faye Johnson', 'Voluptate rerum inventore dolorem tempore accusamus omnis. Perferendis placeat perspiciatis natus corporis doloribus id. Minima explicabo exercitationem aut saepe odio voluptas asperiores. Velit amet repellendus repellat officia sit voluptate dolores.', 5, '2019-03-14 03:51:44', '2019-03-14 03:51:44'),
(59, 37, 'Prof. Elenora Kreiger I', 'Sint dignissimos voluptatem cupiditate consequatur repudiandae sed eum. Consectetur velit et recusandae aspernatur qui. Aut numquam qui non modi ut quos velit.', 1, '2019-03-14 03:51:44', '2019-03-14 03:51:44'),
(60, 35, 'Mr. Ramon Bauch', 'Nihil et et molestiae ipsa doloribus ut rerum. Maiores dolor et excepturi corporis ratione. Exercitationem mollitia labore rerum sunt. Sit qui deserunt voluptas.', 1, '2019-03-14 03:51:44', '2019-03-14 03:51:44'),
(61, 28, 'Elian Blick', 'Voluptatum aspernatur enim exercitationem et. Ipsa totam consequatur sit autem vel ut ea.', 0, '2019-03-14 03:51:44', '2019-03-14 03:51:44'),
(62, 36, 'Dovie Lakin II', 'Nisi provident quibusdam aliquam doloremque. Et itaque quo eum corrupti aut aliquid.', 2, '2019-03-14 03:51:44', '2019-03-14 03:51:44'),
(63, 5, 'Beulah Barton', 'Illo sed dicta maxime ut. Nam a commodi at animi harum ullam magni. Et non iure in ut repellendus voluptatem.', 4, '2019-03-14 03:51:44', '2019-03-14 03:51:44'),
(64, 49, 'Prof. Kiel Gislason', 'Dolores sed culpa corrupti quos. Dicta delectus odit rerum expedita sit quae velit. Suscipit non modi autem molestiae dolores magnam eum. Natus deserunt qui incidunt ut quam provident aspernatur.', 1, '2019-03-14 03:51:44', '2019-03-14 03:51:44'),
(65, 37, 'Jillian Herman', 'Tenetur ullam deserunt dolorem et minus placeat dolorum. Error nisi sit tempore amet est. Culpa aut magnam mollitia molestiae. Labore qui iste rerum eos ut voluptatem sint.', 2, '2019-03-14 03:51:44', '2019-03-14 03:51:44'),
(66, 12, 'Mr. Rogers Reynolds', 'Error velit sit corporis. Et ipsa debitis rerum fugiat nulla consequatur. Pariatur id incidunt dolor ut eos assumenda hic. Perspiciatis tempore aliquid quo accusamus at.', 3, '2019-03-14 03:51:44', '2019-03-14 03:51:44'),
(67, 18, 'Zoe Fahey', 'Explicabo beatae inventore laudantium quo et non. Aliquam aut nobis soluta et eum vitae. Quibusdam quis est quidem debitis eius vel soluta. Sunt corrupti reprehenderit quis nam et et.', 4, '2019-03-14 03:51:44', '2019-03-14 03:51:44'),
(68, 44, 'Prof. Lydia Feil', 'Molestiae quaerat autem eum officia. Aspernatur nihil itaque aperiam commodi tempora iure. Accusamus deserunt et est qui.', 1, '2019-03-14 03:51:44', '2019-03-14 03:51:44'),
(69, 19, 'Rhoda D\'Amore', 'Quibusdam dolorum sit voluptatum natus possimus rerum rerum. Odit iste ut vel possimus excepturi. Iure eos quod aut officiis soluta ut voluptas ipsa. Dolor possimus vel aut voluptatem molestiae voluptatem.', 3, '2019-03-14 03:51:44', '2019-03-14 03:51:44'),
(70, 12, 'Myrl Johnson', 'Id aliquid et nobis dolor cum sint veritatis. Velit unde molestias in at. Aut iste qui sed est nihil. Modi ratione et et rerum eligendi vero doloremque.', 5, '2019-03-14 03:51:44', '2019-03-14 03:51:44'),
(71, 17, 'Electa Schoen', 'Et illo error sed iste incidunt et eum. Aut et numquam ex suscipit laudantium dolores dignissimos. Possimus et laudantium ad dolorum praesentium. Fugit in voluptas sint ut.', 1, '2019-03-14 03:51:45', '2019-03-14 03:51:45'),
(72, 13, 'Ila Schaefer Jr.', 'Quis animi a alias cum. Aliquam odio autem similique et velit eligendi. Qui qui explicabo velit aperiam error. Harum odio eius beatae sit quia sint.', 2, '2019-03-14 03:51:45', '2019-03-14 03:51:45'),
(73, 18, 'Leon Von', 'Voluptas animi sed non et ea inventore sunt. Alias corrupti qui architecto amet. Laudantium sed laudantium pariatur. Ratione nemo delectus sed repudiandae voluptas.', 3, '2019-03-14 03:51:45', '2019-03-14 03:51:45'),
(74, 49, 'Aracely Beer', 'Nesciunt perspiciatis rerum enim quo fugit. Sit animi est harum ullam vero illo. Magni culpa quisquam eos non ut praesentium et.', 2, '2019-03-14 03:51:45', '2019-03-14 03:51:45'),
(75, 28, 'Prof. Owen Fisher MD', 'Consequatur sint occaecati voluptates et qui iusto repellendus aut. Et recusandae est nisi tempore. Ut laboriosam praesentium et.', 4, '2019-03-14 03:51:45', '2019-03-14 03:51:45'),
(76, 17, 'Syble Torp', 'Ut dolor quo commodi modi. Quod eum placeat non alias nisi. Nisi impedit rem et nobis neque ea at.', 1, '2019-03-14 03:51:45', '2019-03-14 03:51:45'),
(77, 37, 'Salma Hessel II', 'Est placeat cumque fugit architecto eos et voluptate hic. Enim eaque qui accusamus. Perspiciatis officiis est esse ex reprehenderit repellat. Aut ut aut dolores beatae in maxime.', 5, '2019-03-14 03:51:45', '2019-03-14 03:51:45'),
(78, 3, 'Mr. Wilbert Thompson', 'Doloribus dicta explicabo voluptates. Ipsam ullam modi sint illum temporibus. Veritatis aperiam aut et quia nostrum temporibus doloremque voluptates.', 4, '2019-03-14 03:51:45', '2019-03-14 03:51:45'),
(79, 14, 'Katlyn McLaughlin', 'Perferendis cumque debitis eius minima et placeat animi nihil. Recusandae odit non ut illo animi. Assumenda corrupti ex qui similique molestias assumenda animi. Eius vero non praesentium optio quo in similique consectetur.', 1, '2019-03-14 03:51:45', '2019-03-14 03:51:45'),
(80, 23, 'Mr. Arnoldo Hauck', 'Molestiae deserunt odit dolore nam et id perspiciatis. Minima exercitationem itaque in optio ut voluptatem. Natus fugit minus molestiae delectus dolor cumque. Dolorem voluptates mollitia aut aut odit asperiores.', 0, '2019-03-14 03:51:45', '2019-03-14 03:51:45'),
(81, 1, 'Geo Haley', 'Voluptatem laudantium impedit dolore. Adipisci vitae ad eos nulla. Aspernatur provident voluptas recusandae veritatis ratione sed culpa.', 2, '2019-03-14 03:51:45', '2019-03-14 03:51:45'),
(82, 19, 'Ambrose Volkman', 'Distinctio ex incidunt veritatis repellendus debitis ut ratione. Non quia quam repellendus maxime rerum. Modi in nisi ullam rem tenetur qui.', 3, '2019-03-14 03:51:45', '2019-03-14 03:51:45'),
(83, 49, 'Jenifer Franecki DVM', 'Vitae labore corporis quia quisquam error. Voluptate veniam libero debitis amet eveniet. Odio reiciendis vitae accusamus quae voluptas.', 4, '2019-03-14 03:51:45', '2019-03-14 03:51:45'),
(84, 44, 'Ruben Botsford', 'Ut fugit voluptas odio amet atque nam. Dolore itaque sed illo est nulla veniam. Et sequi dolorum quo id est.', 2, '2019-03-14 03:51:45', '2019-03-14 03:51:45'),
(85, 37, 'Regan Lebsack', 'Fuga molestias repellat fugiat iste. Ut velit exercitationem quasi inventore officiis. Maiores hic voluptas ipsum qui quisquam natus qui. Sit quod at eos ab. Quam cum suscipit vel nulla dolores eius.', 4, '2019-03-14 03:51:45', '2019-03-14 03:51:45'),
(86, 41, 'Mrs. Lindsay Stamm IV', 'Voluptatem est neque inventore exercitationem nisi nulla. Voluptatem eius voluptatem sit facere repellendus earum voluptas.', 3, '2019-03-14 03:51:45', '2019-03-14 03:51:45'),
(87, 41, 'Lillie Wilkinson DDS', 'Eaque nihil quidem veritatis occaecati ex possimus. Alias placeat odit voluptas enim necessitatibus eos et. Repudiandae libero aperiam molestiae. Suscipit velit repudiandae amet nostrum quis nisi molestiae.', 3, '2019-03-14 03:51:45', '2019-03-14 03:51:45'),
(88, 15, 'Bradley Brakus', 'Qui consequuntur fugiat voluptate quos numquam hic. Vitae rerum modi iure praesentium non sed perferendis. Delectus ut officiis fuga aliquid corporis in impedit dolore. Tempore laudantium dolore quae dolores ut et et.', 1, '2019-03-14 03:51:45', '2019-03-14 03:51:45'),
(89, 16, 'Zoe Rohan', 'Numquam quidem praesentium quisquam officia fugit et aut eum. Exercitationem ipsum error expedita velit molestiae id debitis. Ea dolorum totam distinctio molestiae corrupti harum.', 5, '2019-03-14 03:51:45', '2019-03-14 03:51:45'),
(90, 37, 'Erich Crooks', 'Praesentium sint earum numquam et ut ullam quia. Omnis illum perspiciatis doloribus unde. Sapiente sit quaerat impedit iure quo modi eveniet. Maxime at aut aliquid tempore.', 1, '2019-03-14 03:51:45', '2019-03-14 03:51:45'),
(91, 46, 'Lamar Lind Jr.', 'Nam a unde rem est. Praesentium illum quas consequuntur esse dolorem. Optio eum sed nesciunt modi. Cumque accusantium veniam suscipit voluptas.', 2, '2019-03-14 03:51:45', '2019-03-14 03:51:45'),
(92, 5, 'Heather Nader', 'Voluptates rem ut a incidunt doloribus ea ad. Tempore sit hic aut eveniet error et. Soluta veritatis perspiciatis nisi sapiente voluptatibus.', 0, '2019-03-14 03:51:45', '2019-03-14 03:51:45'),
(93, 25, 'Nils Koepp', 'In ullam eos amet non quia quo. Nihil illo dolorem corrupti quia blanditiis. Ut pariatur fuga alias temporibus esse consectetur itaque. Aperiam consequatur quo enim maxime ipsum eos dignissimos.', 1, '2019-03-14 03:51:45', '2019-03-14 03:51:45'),
(94, 27, 'Genesis Zulauf', 'Hic consequatur nulla quia sapiente iure inventore. Minus ab repellat rerum itaque corrupti. Ea voluptas soluta vero.', 2, '2019-03-14 03:51:46', '2019-03-14 03:51:46'),
(95, 4, 'Felix Rau', 'Ipsum corporis et sunt sit. Dicta enim soluta in non ut quia. Eum maiores distinctio delectus libero asperiores. Consequatur laboriosam placeat consequuntur laboriosam ducimus ad.', 4, '2019-03-14 03:51:46', '2019-03-14 03:51:46'),
(96, 28, 'Moises Fadel', 'Voluptates autem quos voluptatem. Porro saepe cupiditate reprehenderit nemo. Veritatis ad atque rem est cum id.', 3, '2019-03-14 03:51:46', '2019-03-14 03:51:46'),
(97, 33, 'Ada Jakubowski', 'Quia ut aliquam rerum voluptatem ipsam. Itaque modi odio reiciendis iure necessitatibus nesciunt. Expedita ea tempora sint culpa. Iusto magnam magnam maxime.', 3, '2019-03-14 03:51:46', '2019-03-14 03:51:46'),
(98, 43, 'Gino Stokes', 'Cupiditate nobis esse sunt nostrum optio. Qui tempore nobis ex inventore. Dignissimos quas voluptatem odit cum dignissimos. Totam est blanditiis veritatis.', 1, '2019-03-14 03:51:46', '2019-03-14 03:51:46'),
(99, 15, 'Deion Crist', 'Ea voluptatem placeat nisi. Ad distinctio et iusto sunt. Inventore qui quo non dolores quo libero qui nihil. Assumenda aut aliquam corporis consectetur quo nam.', 1, '2019-03-14 03:51:46', '2019-03-14 03:51:46'),
(100, 6, 'Dr. Leslie Boyer MD', 'Magni nemo ex explicabo ad ut inventore. Neque cupiditate eligendi harum id consequatur. Quis voluptas non ipsa. Debitis id reprehenderit at nobis laboriosam perspiciatis quam.', 0, '2019-03-14 03:51:46', '2019-03-14 03:51:46'),
(101, 15, 'Ramona Shields IV', 'Reprehenderit dolorum aut voluptas nihil sit eaque voluptas ut. Minima repudiandae vel consequatur modi consequatur exercitationem. Hic delectus adipisci aut dolorem sed est qui qui.', 1, '2019-03-14 03:51:46', '2019-03-14 03:51:46'),
(102, 1, 'Alek Baumbach', 'Hic omnis ex sunt quidem illum hic esse vel. Aut animi reprehenderit error saepe sit.', 3, '2019-03-14 03:51:46', '2019-03-14 03:51:46'),
(103, 42, 'Kay Hintz', 'Qui consequatur sed aut eum beatae tempore expedita dicta. Ut voluptas voluptate praesentium architecto. Cumque natus voluptatem doloribus aut. Illo laborum libero consequatur at placeat quo voluptas.', 2, '2019-03-14 03:51:46', '2019-03-14 03:51:46'),
(104, 28, 'Alverta Christiansen', 'Expedita error voluptatibus ut cupiditate officiis aut rerum. Mollitia repudiandae numquam iste earum voluptate qui quisquam. In repellat quisquam rerum laborum et omnis et distinctio.', 5, '2019-03-14 03:51:46', '2019-03-14 03:51:46'),
(105, 3, 'Mr. Brandon Spencer V', 'Consectetur maiores odit et architecto omnis numquam. Quis et non debitis deserunt nisi aut consequatur. Sapiente vero tempora molestiae quaerat minima hic.', 1, '2019-03-14 03:51:46', '2019-03-14 03:51:46'),
(106, 9, 'Prof. Jammie Ledner V', 'Ipsum culpa delectus ratione commodi perferendis et. Tenetur maiores nisi odit sint et error. Accusamus aperiam laborum vel tenetur sint qui numquam.', 2, '2019-03-14 03:51:46', '2019-03-14 03:51:46'),
(107, 22, 'Baron Little', 'Aut recusandae asperiores possimus numquam ex id autem. Quos sint nemo a. Expedita animi quis minus praesentium.', 3, '2019-03-14 03:51:46', '2019-03-14 03:51:46'),
(108, 27, 'Miss Maximillia McLaughlin Jr.', 'Dolor error maiores facere sequi necessitatibus autem. Voluptates ea quos id necessitatibus voluptas exercitationem. Suscipit quae omnis atque dolore. Voluptatem doloremque eligendi laborum ut minus veritatis.', 1, '2019-03-14 03:51:46', '2019-03-14 03:51:46'),
(109, 24, 'Zaria Konopelski', 'Autem et aperiam voluptates earum. Accusantium aperiam et veniam est eos placeat omnis autem. Occaecati ea mollitia aut earum nulla reprehenderit cupiditate beatae. Veniam nesciunt nobis inventore dolorem pariatur fugit soluta.', 2, '2019-03-14 03:51:46', '2019-03-14 03:51:46'),
(110, 49, 'Prof. Andres Gorczany PhD', 'Quod laboriosam cumque saepe consequatur tempora. Voluptates perspiciatis rem quidem ea qui quod. Quidem ipsa non et soluta sint ratione tenetur. Facere sunt odit aperiam voluptatum officiis vero rerum perferendis. Soluta nulla voluptatum aut non quam est iure.', 2, '2019-03-14 03:51:46', '2019-03-14 03:51:46'),
(111, 49, 'Miss Kara Rempel', 'Expedita beatae velit et adipisci. Officiis et adipisci aut. In nesciunt explicabo dicta neque aut similique pariatur expedita. Eum culpa a quia quia. Quia ut ipsum hic qui ut fugit voluptatum.', 2, '2019-03-14 03:51:46', '2019-03-14 03:51:46'),
(112, 27, 'Ms. Susanna Hegmann I', 'Blanditiis et voluptatem itaque ut non modi. Qui omnis tempora sapiente et laboriosam voluptatem perspiciatis. Et consequuntur aperiam est vel. Architecto qui eaque qui dicta in. Eum et laudantium molestiae eos vitae facilis.', 5, '2019-03-14 03:51:46', '2019-03-14 03:51:46'),
(113, 3, 'Cortney Reichert', 'Omnis quos iusto labore est rerum dolore ullam. Explicabo inventore eum quidem consequuntur pariatur. Animi vel architecto vitae aspernatur laudantium necessitatibus. Quae quos ut asperiores quos.', 0, '2019-03-14 03:51:46', '2019-03-14 03:51:46'),
(114, 29, 'Suzanne Graham', 'Facere placeat voluptatibus dolore. Incidunt in id placeat amet. Optio sit temporibus quibusdam porro sed.', 0, '2019-03-14 03:51:46', '2019-03-14 03:51:46'),
(115, 50, 'Dianna Macejkovic', 'Sed minima laboriosam et possimus omnis. Consequatur aut omnis aut at et est. Fugit consequatur asperiores autem eum facere et a. Consequatur quos esse ea eaque voluptas non.', 3, '2019-03-14 03:51:46', '2019-03-14 03:51:46'),
(116, 15, 'Daisy Gerlach', 'Necessitatibus voluptatibus numquam culpa repellendus non earum expedita. Dicta illum minima velit voluptatem. Fugit architecto inventore aut. Quod eius officiis asperiores labore esse.', 3, '2019-03-14 03:51:47', '2019-03-14 03:51:47'),
(117, 26, 'Ms. Leila Cole I', 'Quia facilis tempora occaecati natus debitis ducimus. Ipsum laudantium fugiat consequuntur corporis. Aperiam ea perspiciatis impedit non et. Aut quasi rem placeat commodi nulla. Officia officia occaecati omnis quas modi atque totam earum.', 5, '2019-03-14 03:51:47', '2019-03-14 03:51:47'),
(118, 42, 'Kaleb Kovacek', 'Nisi vero deleniti eum voluptatibus quasi expedita dolores. Dignissimos veniam laboriosam dolores ullam voluptates. Tempore optio dolore totam. Eos aperiam voluptatem accusamus doloribus molestiae consequatur.', 0, '2019-03-14 03:51:47', '2019-03-14 03:51:47'),
(119, 35, 'Mr. Adolphus Russel I', 'Qui voluptate sequi ut facilis asperiores et est. Sed minima quod officiis qui assumenda sed.', 5, '2019-03-14 03:51:47', '2019-03-14 03:51:47'),
(120, 17, 'Wilhelmine Metz MD', 'Quia veritatis voluptatum suscipit eius tempora quia sit. Explicabo in ipsa et in porro architecto. Maxime minima ex blanditiis reiciendis rerum qui. Aut perferendis sed dicta nesciunt ratione illo minima quos. Dignissimos sunt alias quaerat deserunt sint soluta.', 4, '2019-03-14 03:51:47', '2019-03-14 03:51:47'),
(121, 18, 'Royce Mohr II', 'Voluptate pariatur quo voluptatem dolorem similique aut inventore. Totam distinctio nesciunt sit.', 2, '2019-03-14 03:51:47', '2019-03-14 03:51:47'),
(122, 46, 'Mrs. Florine Tillman', 'Aut neque est aperiam eius mollitia. At omnis porro ea. Nulla voluptas voluptas delectus incidunt excepturi. Perspiciatis omnis placeat impedit blanditiis quam accusamus perspiciatis. Est quo rerum minus.', 5, '2019-03-14 03:51:47', '2019-03-14 03:51:47'),
(123, 9, 'Dr. Ressie Will I', 'Rerum sint veniam architecto quia et et ut. Modi delectus eius rerum accusamus nam aperiam. Dolor velit placeat in quidem ut. Animi ut ea sit officiis laborum fugit vitae voluptas.', 5, '2019-03-14 03:51:47', '2019-03-14 03:51:47'),
(124, 10, 'Penelope Sipes', 'Qui omnis sit laudantium sed excepturi. Dolor distinctio accusantium beatae magni qui ipsa quod. Non fugit nihil neque.', 4, '2019-03-14 03:51:47', '2019-03-14 03:51:47'),
(125, 6, 'Amara Weissnat', 'Impedit exercitationem est eos atque. Natus at eos ut iusto dolores rerum nulla. Et soluta sapiente consequatur libero totam.', 1, '2019-03-14 03:51:47', '2019-03-14 03:51:47'),
(126, 40, 'Frederick Lesch', 'Error qui aut veritatis aut quia sed minima. Sequi ut maxime qui dolores. Ut necessitatibus omnis eum a.', 1, '2019-03-14 03:51:47', '2019-03-14 03:51:47'),
(127, 38, 'Reese Gorczany', 'Quidem voluptas eos qui sint reiciendis accusamus. Odio sit minima laboriosam ducimus est rerum. Repellat distinctio inventore dolorem officiis unde voluptatum praesentium. Corrupti illo voluptas eligendi sint voluptatem.', 4, '2019-03-14 03:51:47', '2019-03-14 03:51:47'),
(128, 22, 'Easter Metz', 'Sit quia rerum fuga velit esse quo beatae. Rerum aut eum sequi a voluptas cupiditate dolor. Voluptates molestias eos nulla nobis. Non facilis et dolores sit voluptatum ullam. Nulla autem id repudiandae sunt iure.', 5, '2019-03-14 03:51:47', '2019-03-14 03:51:47'),
(129, 20, 'Prof. Adaline Donnelly MD', 'Excepturi illo et sunt dolor corporis et est. Iste vel fuga repellendus excepturi.', 5, '2019-03-14 03:51:47', '2019-03-14 03:51:47'),
(130, 3, 'Leola Reilly', 'Architecto adipisci consectetur velit ducimus modi earum. Numquam consequatur consectetur et quis quibusdam. Voluptas cupiditate aut quos ea inventore accusantium quaerat est.', 3, '2019-03-14 03:51:47', '2019-03-14 03:51:47'),
(131, 17, 'Alfredo Roberts', 'Cumque sequi excepturi porro nisi. Est sunt delectus dignissimos vel eos amet sit. Eos ea omnis et. Tenetur quidem eius architecto laboriosam fugit nemo eum ipsam.', 5, '2019-03-14 03:51:47', '2019-03-14 03:51:47'),
(132, 29, 'Prof. Kendall Hand I', 'Veniam vel ullam dolores rem autem necessitatibus praesentium. Iure unde fuga esse pariatur.', 1, '2019-03-14 03:51:47', '2019-03-14 03:51:47'),
(133, 26, 'Lyla Pfeffer', 'Ex iste consequatur dolores. Sed sit est quisquam facilis nulla. Nobis rem quia consequatur quod ducimus et eum. Voluptas repudiandae accusantium aut qui quis est.', 1, '2019-03-14 03:51:47', '2019-03-14 03:51:47'),
(134, 38, 'Kristin Nitzsche', 'Explicabo quam cupiditate labore optio voluptas. Id natus consequuntur dignissimos tenetur. Eum laboriosam aut quod nemo sit. Eligendi commodi earum dicta nulla.', 2, '2019-03-14 03:51:47', '2019-03-14 03:51:47'),
(135, 6, 'Maxime Welch', 'Non et placeat asperiores ut. Natus eligendi debitis illum doloribus sit nisi. Sit deserunt consectetur quae. Aspernatur quas accusamus dolorem incidunt.', 0, '2019-03-14 03:51:47', '2019-03-14 03:51:47'),
(136, 16, 'Mr. Kamryn Auer', 'Unde temporibus reiciendis rem. Corrupti aliquam numquam hic. Alias architecto et deleniti distinctio enim. Blanditiis aut molestiae eum inventore possimus.', 0, '2019-03-14 03:51:47', '2019-03-14 03:51:47'),
(137, 38, 'Prof. Laury Dickinson', 'Voluptate dicta reprehenderit necessitatibus ut qui molestiae quod. Eum asperiores laudantium similique. Sed qui voluptates et minima quia nostrum. Est perspiciatis et unde vel molestias.', 0, '2019-03-14 03:51:47', '2019-03-14 03:51:47'),
(138, 30, 'Laurine Kuvalis I', 'Assumenda dolore quos tempora vero sed et iusto. Quam doloribus aut id assumenda. Accusantium id eveniet aut quaerat sit officiis. Reprehenderit corporis qui hic occaecati est culpa.', 0, '2019-03-14 03:51:48', '2019-03-14 03:51:48'),
(139, 46, 'Miss Alanna Rutherford DVM', 'Magni eius explicabo totam iusto repellat. Soluta voluptate et enim esse. Ipsam placeat illum et qui.', 5, '2019-03-14 03:51:48', '2019-03-14 03:51:48'),
(140, 4, 'Dr. Alisa Walter Jr.', 'Quam eveniet adipisci nesciunt. Est ut sit eos placeat et impedit fugit. Adipisci voluptate sed sit. Quod et nisi aliquam adipisci ab.', 3, '2019-03-14 03:51:48', '2019-03-14 03:51:48'),
(141, 3, 'Remington Gleichner', 'Et dolor est nesciunt dolores architecto harum atque. Quaerat eaque fuga doloremque vitae occaecati omnis molestiae ea. Voluptate qui fugiat amet aut.', 0, '2019-03-14 03:51:48', '2019-03-14 03:51:48'),
(142, 9, 'Flo Hilpert', 'Optio rem nulla et enim voluptatibus asperiores mollitia enim. Nemo temporibus veritatis alias officia ut velit sint. Aut voluptate ea corporis quas. Quaerat facere commodi aperiam ratione suscipit.', 3, '2019-03-14 03:51:48', '2019-03-14 03:51:48'),
(143, 13, 'Lonny Goldner', 'Dolorem dolores est porro et. Qui veritatis nemo ut quia est. Modi nisi pariatur molestias molestiae tempore nihil.', 1, '2019-03-14 03:51:48', '2019-03-14 03:51:48'),
(144, 1, 'Ms. Fay Stehr', 'Maxime impedit dolorem veniam nobis dolores. Quia et praesentium et et deserunt. Unde sed animi earum. Non quisquam fuga facilis.', 4, '2019-03-14 03:51:48', '2019-03-14 03:51:48'),
(145, 41, 'Marilyne Skiles', 'Necessitatibus minima ut est maiores facilis rerum itaque. Tempore quaerat eos veritatis cum labore amet qui. Incidunt commodi blanditiis occaecati sunt.', 2, '2019-03-14 03:51:48', '2019-03-14 03:51:48'),
(146, 33, 'Webster Cruickshank', 'Sit ipsam in at. Officia accusamus consequatur voluptatem consectetur dolorum voluptatem ex. Sint nisi dolorum nesciunt magni rerum.', 4, '2019-03-14 03:51:48', '2019-03-14 03:51:48'),
(147, 9, 'Miracle Rippin', 'Quaerat laudantium esse sequi perspiciatis tenetur vel quos distinctio. Similique dolor quia id pariatur quae eos. Tempora magnam deserunt voluptas adipisci quia quis aliquam.', 2, '2019-03-14 03:51:48', '2019-03-14 03:51:48'),
(148, 6, 'Damion Beatty', 'Sit adipisci ut beatae. Quia et atque optio labore expedita. Qui ea eligendi inventore quisquam aperiam corporis quae. Sed ut dicta eveniet voluptas voluptate fugit recusandae.', 3, '2019-03-14 03:51:48', '2019-03-14 03:51:48'),
(149, 10, 'Kieran Wilkinson', 'Qui necessitatibus commodi perspiciatis autem minima repellat autem quod. Iusto atque tenetur debitis sequi nisi distinctio ea ut. Et sed voluptates occaecati minus vel nulla. Perferendis illo provident voluptatem et.', 5, '2019-03-14 03:51:48', '2019-03-14 03:51:48'),
(150, 2, 'Prof. Dock Bauch', 'Aspernatur id sunt repellat sed enim aut sequi. Et nemo facilis sunt nihil harum. Sed alias dolore quo ipsa. Ut pariatur rerum aut laboriosam deserunt sint.', 1, '2019-03-14 03:51:48', '2019-03-14 03:51:48'),
(151, 33, 'Tyrel Koelpin', 'Minus aliquid velit laboriosam quasi et aut. Odit qui minus quaerat incidunt. Iusto commodi dolorem nihil suscipit modi.', 3, '2019-03-14 03:51:48', '2019-03-14 03:51:48'),
(152, 34, 'Mr. Charlie Rodriguez DVM', 'Perferendis rerum qui at commodi repellendus in. Omnis est rerum quia culpa ullam laborum. Et qui odio molestiae ut inventore vel nulla. Ipsam qui rerum ratione cum sit.', 5, '2019-03-14 03:51:48', '2019-03-14 03:51:48'),
(153, 12, 'Dr. Alessandra Huels', 'Eius maiores voluptatum sint quidem et consectetur maiores. Modi fugiat dolorum consectetur cupiditate. Debitis sunt illum voluptas ut neque.', 0, '2019-03-14 03:51:48', '2019-03-14 03:51:48'),
(154, 29, 'Amanda Bartoletti', 'Temporibus consequuntur tempore quam et. Necessitatibus repellat placeat id est. Porro asperiores voluptas odio earum nesciunt. Voluptas perferendis veniam qui excepturi aut quidem.', 2, '2019-03-14 03:51:48', '2019-03-14 03:51:48'),
(155, 21, 'Amely Tromp DVM', 'Dolorum ab tempora perferendis quae. Qui aliquam vel dignissimos aut aut iure ea. Sunt asperiores ea et delectus sequi ut molestiae.', 5, '2019-03-14 03:51:48', '2019-03-14 03:51:48'),
(156, 35, 'Ellen Russel', 'Libero rerum consequatur incidunt dolore. Sunt ut perspiciatis eius et qui. Aperiam eius eum qui commodi. Earum odit id quis assumenda enim velit ducimus numquam.', 0, '2019-03-14 03:51:48', '2019-03-14 03:51:48'),
(157, 35, 'Dr. Grace Gutmann', 'Maxime et nisi consequatur distinctio rem. Qui quis eveniet veniam asperiores. Beatae ipsum et amet velit.', 5, '2019-03-14 03:51:48', '2019-03-14 03:51:48'),
(158, 44, 'Green Hilpert', 'Voluptatem voluptas sunt ab qui autem debitis porro. Impedit et consequatur reprehenderit.', 1, '2019-03-14 03:51:49', '2019-03-14 03:51:49'),
(159, 28, 'Angela King', 'Accusantium earum deleniti repudiandae est. Et inventore illo sed dolor. Doloremque voluptas officia est consequatur consequatur est et voluptatibus. Repellat assumenda fugit eum nesciunt incidunt vitae.', 5, '2019-03-14 03:51:49', '2019-03-14 03:51:49'),
(160, 23, 'Dr. Noemie Russel II', 'Sed totam ea consequatur quam vel et. Rerum officia sint maxime. Aspernatur est fuga quia illo repellendus ipsum.', 2, '2019-03-14 03:51:49', '2019-03-14 03:51:49'),
(161, 21, 'Mr. Gayle Rogahn IV', 'Odit porro qui doloremque aliquid. Nisi similique delectus voluptas veniam magnam labore eos. Consequatur dolorem ipsum ducimus et. Dignissimos sapiente facilis ad optio repudiandae eos.', 1, '2019-03-14 03:51:49', '2019-03-14 03:51:49'),
(162, 22, 'Dominique Bayer', 'Eum aut totam et. Expedita vitae id aspernatur error. Modi nostrum quia totam debitis. Animi nulla est eos alias reiciendis ipsa.', 3, '2019-03-14 03:51:49', '2019-03-14 03:51:49'),
(163, 7, 'Eunice Mayert', 'Repellat numquam enim delectus recusandae error. Voluptatem quia corrupti rem enim sapiente quaerat. Optio atque non reiciendis fugit. Numquam dolores enim omnis quia nisi eaque.', 3, '2019-03-14 03:51:49', '2019-03-14 03:51:49'),
(164, 33, 'Prof. Gust Kilback MD', 'Repellat molestiae sed ipsam quia. Quo praesentium est facere adipisci similique qui. Ducimus sed ut dolores vitae. Ut enim excepturi libero porro autem.', 0, '2019-03-14 03:51:49', '2019-03-14 03:51:49'),
(165, 14, 'Hilbert Hickle', 'Vitae qui impedit nihil fugit qui ipsam consectetur. Ut ratione est ullam eum veritatis ut. Repellendus dicta voluptatem voluptatem ut et soluta.', 2, '2019-03-14 03:51:49', '2019-03-14 03:51:49'),
(166, 12, 'Brady Balistreri DDS', 'Sapiente fuga consequatur distinctio rerum sunt laborum aliquam. Aut quod eos voluptatem. Consequatur ab illum molestias.', 4, '2019-03-14 03:51:49', '2019-03-14 03:51:49'),
(167, 33, 'Columbus Jacobi', 'Est suscipit dolorum rerum provident. Ut illum repudiandae facilis possimus et excepturi laudantium. Inventore facilis temporibus architecto autem quam veritatis. Voluptatem velit autem perferendis odit et quas.', 2, '2019-03-14 03:51:49', '2019-03-14 03:51:49'),
(168, 44, 'Ernie Robel Sr.', 'Voluptates repellat quia porro. Temporibus quidem nemo natus. Quis unde ut labore consequatur non. Iure voluptatem eaque culpa sint maiores minus.', 2, '2019-03-14 03:51:49', '2019-03-14 03:51:49'),
(169, 22, 'Stephany Greenfelder', 'Qui sunt qui delectus ex omnis. Dicta autem voluptas voluptas minus voluptas doloremque cupiditate. Expedita eaque amet voluptas quam porro.', 0, '2019-03-14 03:51:49', '2019-03-14 03:51:49'),
(170, 14, 'Daron Dare', 'Nam harum aut et non est. Eos omnis aut et nesciunt.', 4, '2019-03-14 03:51:49', '2019-03-14 03:51:49'),
(171, 49, 'Reed Schaden', 'Vitae minus est unde. Necessitatibus reiciendis labore perferendis dolor suscipit delectus. Provident ut optio qui quasi enim corporis adipisci. Qui quidem eligendi ut vitae. Possimus et voluptas sint quis asperiores non.', 4, '2019-03-14 03:51:49', '2019-03-14 03:51:49'),
(172, 28, 'Irma Strosin', 'Ut ipsa magni soluta provident est. Perferendis totam est soluta magni occaecati ab voluptatum provident. Occaecati qui delectus at consequatur. Vel autem qui molestiae.', 3, '2019-03-14 03:51:49', '2019-03-14 03:51:49'),
(173, 12, 'Mr. Marley Cole I', 'Ducimus deleniti ullam rem. Exercitationem ipsa doloribus aut reprehenderit omnis laudantium.', 2, '2019-03-14 03:51:49', '2019-03-14 03:51:49'),
(174, 13, 'Prof. Brennan Hayes V', 'Dolorum laboriosam hic aut quae eligendi sit et accusamus. Minima ipsa qui voluptas. Corporis soluta unde et et vitae. Quaerat et autem eum.', 2, '2019-03-14 03:51:49', '2019-03-14 03:51:49'),
(175, 38, 'Mrs. Cordie Trantow Jr.', 'Nobis repellat sint omnis. Voluptatibus cupiditate dolorum delectus in reprehenderit qui. Cupiditate qui voluptatem et ea dolorem unde. Ab enim sequi consequuntur et alias ut repellat.', 4, '2019-03-14 03:51:49', '2019-03-14 03:51:49'),
(176, 40, 'Agnes Wiza', 'Voluptas ut nemo aperiam sapiente ipsam. Voluptatum officiis nesciunt eum sed enim. Asperiores aut aperiam qui eum quis cumque autem.', 5, '2019-03-14 03:51:49', '2019-03-14 03:51:49'),
(177, 24, 'Miss Brianne Gislason', 'Rerum et ratione repellat facilis molestiae est. Fuga suscipit non eum nulla laborum. Maiores nemo possimus enim velit culpa. Possimus quis qui aut tempore ullam.', 4, '2019-03-14 03:51:49', '2019-03-14 03:51:49'),
(178, 34, 'Polly Welch', 'Non et reiciendis non necessitatibus est nisi. Non optio vel illo tempora incidunt voluptatem in. Vero quae asperiores necessitatibus sit quibusdam iusto repellendus.', 5, '2019-03-14 03:51:49', '2019-03-14 03:51:49'),
(179, 33, 'Cayla Rowe', 'Eius repellendus fugiat beatae tenetur ea dolorem. Illo enim perspiciatis nesciunt officia at. Ea repudiandae cumque in quisquam sequi. Veritatis molestias aut tenetur in. Quisquam rerum in aliquid architecto quas expedita.', 5, '2019-03-14 03:51:49', '2019-03-14 03:51:49'),
(180, 47, 'Claudia Emard DVM', 'Recusandae atque soluta ratione aut officia consectetur. Dolore et voluptatem autem nihil dolorem vero veniam a. Reprehenderit omnis et numquam quis quas tempore atque voluptatem.', 4, '2019-03-14 03:51:49', '2019-03-14 03:51:49'),
(181, 29, 'Kristin Skiles', 'Voluptate quam quia est facilis repellendus laudantium. Neque officiis vel dolore pariatur. Sapiente molestias autem quo ullam dolores dolorum. Nesciunt qui laboriosam vel neque.', 3, '2019-03-14 03:51:50', '2019-03-14 03:51:50'),
(182, 7, 'Jaron Zboncak', 'Dolor veritatis aliquam reprehenderit omnis rerum eum. Sit quo totam dolore quaerat. Officiis itaque eligendi dignissimos eum soluta amet.', 5, '2019-03-14 03:51:50', '2019-03-14 03:51:50'),
(183, 30, 'Armani Buckridge', 'Molestias impedit quisquam ex deserunt. Et soluta veniam nisi est quia qui consequuntur. Asperiores a sint molestias quaerat laudantium.', 1, '2019-03-14 03:51:50', '2019-03-14 03:51:50'),
(184, 41, 'Bryon Cummerata Jr.', 'Tempora consequatur ipsum consequatur dolores atque. Minus sit est dicta consequatur ea unde. Quia debitis quia ut. Eveniet est quasi et molestias quae nobis.', 5, '2019-03-14 03:51:50', '2019-03-14 03:51:50'),
(185, 3, 'Santa Adams', 'Officiis ratione quia et assumenda itaque. Quos a omnis sit. Nisi quis et cumque rerum.', 1, '2019-03-14 03:51:50', '2019-03-14 03:51:50'),
(186, 33, 'Jaydon Kuhn', 'Reprehenderit expedita iure consequuntur non ut rem fuga voluptatem. Distinctio fuga iste nesciunt ad officiis beatae.', 1, '2019-03-14 03:51:50', '2019-03-14 03:51:50'),
(187, 35, 'Major Corwin', 'Asperiores quam enim omnis illum veniam labore. Inventore nisi ut est omnis. Perferendis est nobis natus iure possimus vero.', 4, '2019-03-14 03:51:50', '2019-03-14 03:51:50'),
(188, 13, 'Prof. Jammie Boyle Jr.', 'Necessitatibus consequatur laboriosam impedit autem rerum atque consequuntur. Ea itaque sint voluptatem et voluptas corporis consequatur. In harum commodi id dolorem.', 4, '2019-03-14 03:51:50', '2019-03-14 03:51:50'),
(189, 33, 'Mason Deckow IV', 'Dolorem nam et facere ut rerum sint et autem. Et dolor et veritatis corrupti eligendi. Placeat sint autem ut voluptas qui occaecati sint. Voluptatibus alias quibusdam sapiente est.', 4, '2019-03-14 03:51:50', '2019-03-14 03:51:50'),
(190, 26, 'Lexie Murray PhD', 'Et quia amet fuga. Ut ut delectus ipsam blanditiis debitis harum. Consequatur animi non voluptatem non eum sit.', 3, '2019-03-14 03:51:50', '2019-03-14 03:51:50'),
(191, 35, 'Dr. Keegan Bode DVM', 'Quis ut ullam ut. Aperiam id quas ut molestiae excepturi. Architecto eligendi fugit totam consectetur.', 0, '2019-03-14 03:51:50', '2019-03-14 03:51:50'),
(192, 15, 'Florida Wilderman', 'Praesentium suscipit id aspernatur doloremque. Voluptas ut voluptatem et. Ducimus velit rerum officiis consequatur sint et ut. Voluptatem et et quisquam aut praesentium quos sit.', 0, '2019-03-14 03:51:50', '2019-03-14 03:51:50'),
(193, 23, 'Cielo Jacobs PhD', 'Qui deserunt sed qui itaque deleniti et rerum. Aliquid quia dolorum aliquam est modi commodi odit totam.', 2, '2019-03-14 03:51:50', '2019-03-14 03:51:50'),
(194, 36, 'Chelsea Gutkowski', 'Sit molestiae quibusdam sapiente dignissimos debitis ut. Nobis debitis ducimus adipisci quo corrupti cum tempore consequatur. Sequi eveniet ut aut voluptas sit nihil. Ea non aspernatur inventore fugit aut harum nostrum.', 1, '2019-03-14 03:51:50', '2019-03-14 03:51:50'),
(195, 23, 'Prof. Tyler Dietrich IV', 'Nemo ut aspernatur aperiam laborum itaque. Accusantium ut unde velit consequatur cumque nisi. Ad debitis odio et tempora tenetur omnis. Aliquid sit voluptas consequatur quis optio sequi.', 0, '2019-03-14 03:51:50', '2019-03-14 03:51:50'),
(196, 41, 'Mr. Chauncey Stracke DDS', 'Vel et nostrum cum esse. Rem suscipit iste illo minus. Ut reiciendis impedit sed ipsam culpa.', 5, '2019-03-14 03:51:50', '2019-03-14 03:51:50'),
(197, 19, 'Noemi Koch', 'Possimus autem quos iure quas harum. Cum et aut autem dignissimos est ut tenetur. Perspiciatis qui eligendi deserunt iure nobis repellat omnis.', 3, '2019-03-14 03:51:50', '2019-03-14 03:51:50'),
(198, 5, 'Brandt Schumm', 'Quasi minus saepe dolorem at. Voluptas suscipit consequatur itaque quisquam.', 0, '2019-03-14 03:51:50', '2019-03-14 03:51:50'),
(199, 17, 'Isabell Cummings II', 'Numquam fuga quisquam sit. Molestiae vel ut et vel vero sed. Qui officia voluptates a eos. Ullam dicta praesentium magnam aliquam sed dignissimos quia.', 0, '2019-03-14 03:51:50', '2019-03-14 03:51:50'),
(200, 36, 'Skye Bogisich', 'Ea pariatur est non occaecati odit excepturi corrupti odit. Id quasi et maxime numquam illum. In enim explicabo laboriosam sapiente soluta. Non ut nihil ratione aut.', 3, '2019-03-14 03:51:50', '2019-03-14 03:51:50'),
(201, 36, 'Marta Daniel', 'Est veritatis velit distinctio nam et vel aut. Nostrum facilis ut aperiam qui. Facere aliquid velit doloribus sapiente. Voluptates consequatur sed sapiente sit aliquid.', 2, '2019-03-14 03:51:50', '2019-03-14 03:51:50'),
(202, 47, 'Shanel Paucek', 'Reprehenderit error ea animi ex voluptatibus. Tempora odio consectetur voluptatem magnam. Et omnis sapiente aliquam. Quo voluptate eligendi ad ducimus natus quae quis.', 4, '2019-03-14 03:51:50', '2019-03-14 03:51:50'),
(203, 24, 'Stone Wilderman', 'A quo et voluptatem sapiente. Delectus quaerat eum doloribus ut. Saepe qui quidem ad aut molestiae qui.', 5, '2019-03-14 03:51:51', '2019-03-14 03:51:51'),
(204, 8, 'Mrs. Dana Brown', 'Non nihil tempore esse ducimus. Voluptatem distinctio consequuntur consectetur mollitia. Sit repellat non ea in voluptatem.', 4, '2019-03-14 03:51:51', '2019-03-14 03:51:51'),
(205, 23, 'Mr. Turner Schneider PhD', 'Itaque animi voluptatum quos aut et. Sapiente ad deserunt quia qui consequuntur. Vero consequuntur numquam sunt deserunt. Eos vero nihil at rem voluptatibus.', 0, '2019-03-14 03:51:51', '2019-03-14 03:51:51'),
(206, 6, 'Gardner Hyatt', 'Est voluptas atque dolores officiis. Maiores veritatis officiis est in. Et et iusto quia tempore repudiandae.', 5, '2019-03-14 03:51:51', '2019-03-14 03:51:51'),
(207, 34, 'Halle Jaskolski', 'Aut saepe qui aspernatur. Reprehenderit accusamus qui possimus delectus at.', 1, '2019-03-14 03:51:51', '2019-03-14 03:51:51'),
(208, 1, 'Bernard Tromp', 'Unde distinctio ut explicabo enim possimus id officiis blanditiis. Sit ratione amet nemo fuga nihil minus esse. Repudiandae ad repellendus commodi sunt. Impedit vitae suscipit aut enim aut accusantium ipsa libero. Non recusandae odit voluptate omnis.', 0, '2019-03-14 03:51:51', '2019-03-14 03:51:51');
INSERT INTO `reviews` (`id`, `product_id`, `customer`, `review`, `star`, `created_at`, `updated_at`) VALUES
(209, 7, 'Kamren Zboncak', 'Illum magni alias cumque iste aut doloremque. Inventore labore consequatur quibusdam illo dolores laudantium qui. Quo quaerat voluptatem praesentium quos. Tempore quam explicabo atque est est sint et.', 1, '2019-03-14 03:51:51', '2019-03-14 03:51:51'),
(210, 35, 'Cornell Mueller', 'Voluptas nihil voluptatem quasi illo velit natus enim. Sunt tempora ea adipisci voluptatem tempora. Et et sint possimus quia harum earum mollitia. Ut nostrum nisi voluptatum dolorem.', 5, '2019-03-14 03:51:51', '2019-03-14 03:51:51'),
(211, 13, 'Prof. Leslie Williamson PhD', 'Dolore provident laudantium alias tempore id nemo sequi. Praesentium nostrum vero voluptate unde nemo mollitia optio. Dolore suscipit nostrum similique ad temporibus repellendus.', 5, '2019-03-14 03:51:51', '2019-03-14 03:51:51'),
(212, 41, 'Isabella Berge', 'Rerum atque debitis fuga. Vel facere natus blanditiis at. Mollitia non dignissimos voluptate voluptatem tempora exercitationem omnis.', 0, '2019-03-14 03:51:51', '2019-03-14 03:51:51'),
(213, 4, 'Maybell Lang', 'Repellat voluptatem similique ad eligendi et nihil et ipsum. Assumenda nisi molestias aliquam qui nisi. Officia recusandae aut similique aut. Animi enim velit laborum error dolor consequatur.', 4, '2019-03-14 03:51:51', '2019-03-14 03:51:51'),
(214, 16, 'Rickey Larkin', 'Consectetur iure et dolorum ex. Non ut fuga aut cumque omnis. Et nihil pariatur nisi quo autem asperiores assumenda dolores. Eos ut nulla illum.', 3, '2019-03-14 03:51:51', '2019-03-14 03:51:51'),
(215, 22, 'Manuel Konopelski', 'Nostrum quasi incidunt quos quo debitis ut. Deleniti et saepe dolores veniam voluptatem aperiam ut non. Voluptas cupiditate inventore dolor sit recusandae nostrum fuga. Ipsa in facere at voluptatem et.', 5, '2019-03-14 03:51:51', '2019-03-14 03:51:51'),
(216, 14, 'David Mosciski', 'Nulla blanditiis qui iste non impedit dicta. Fuga nesciunt aut ea ea aut non deserunt cum. Et assumenda deserunt aut ipsam ea suscipit. Ad eos delectus quis.', 2, '2019-03-14 03:51:51', '2019-03-14 03:51:51'),
(217, 29, 'Ross Windler', 'Maxime ab distinctio aut nostrum placeat vitae dolore. Rerum itaque rerum corrupti et voluptates aliquid illum. Cumque fuga modi deserunt.', 4, '2019-03-14 03:51:51', '2019-03-14 03:51:51'),
(218, 1, 'Prof. Oran Boyle', 'Rerum dolore temporibus commodi nulla harum. Natus rerum commodi occaecati repellendus deserunt rerum necessitatibus expedita. Voluptatum sunt quod animi sequi nesciunt.', 2, '2019-03-14 03:51:51', '2019-03-14 03:51:51'),
(219, 9, 'Santina Nader Jr.', 'Enim sit voluptatibus maxime ad. Ut reprehenderit doloremque eveniet suscipit aspernatur at. Culpa aspernatur deserunt nulla laborum non. Eligendi exercitationem ad ratione ducimus ut fugit repellendus.', 1, '2019-03-14 03:51:51', '2019-03-14 03:51:51'),
(220, 4, 'Adonis Glover', 'Aut quia deserunt non non officiis tempore. Velit velit modi fuga cumque. Adipisci illum alias voluptatibus atque ipsa voluptates porro.', 0, '2019-03-14 03:51:51', '2019-03-14 03:51:51'),
(221, 18, 'Tate Kreiger DDS', 'Accusantium perspiciatis alias omnis eaque non. Voluptatibus natus porro autem est. Est corporis dolor nobis nobis. Dolorum non beatae et incidunt est maxime fuga.', 5, '2019-03-14 03:51:51', '2019-03-14 03:51:51'),
(222, 33, 'Prof. Veda Hettinger III', 'Quia omnis sint quos sit. Consequuntur aut maxime quo sint laboriosam.', 3, '2019-03-14 03:51:51', '2019-03-14 03:51:51'),
(223, 4, 'Mr. Jamison Feest MD', 'Velit qui nam quasi cum sint. Magnam aspernatur cum sit nulla. Voluptates quia eum velit optio exercitationem aliquam. Et quia in voluptate ut nisi eveniet reprehenderit provident.', 2, '2019-03-14 03:51:52', '2019-03-14 03:51:52'),
(224, 36, 'Chadd Welch', 'Dolores architecto vitae ut. Minus omnis tempora veniam atque. Doloremque eum necessitatibus at esse atque reprehenderit dolores. Cumque soluta voluptas quis aut quas. Animi in earum ad voluptate.', 0, '2019-03-14 03:51:52', '2019-03-14 03:51:52'),
(225, 21, 'Lambert Beatty', 'Dolores cupiditate non doloribus. Nihil et voluptate quidem iste error rerum. Quibusdam odio molestiae in doloribus quia.', 3, '2019-03-14 03:51:52', '2019-03-14 03:51:52'),
(226, 37, 'Alfonzo Jerde', 'Est quos eveniet consequatur iusto exercitationem. Et voluptate veritatis quia minima expedita perferendis itaque. Eum ipsum omnis sapiente. Libero aut est unde maxime.', 1, '2019-03-14 03:51:52', '2019-03-14 03:51:52'),
(227, 19, 'Khalil Keebler', 'Porro qui quisquam illo voluptas alias id nulla. Sequi ut iusto et debitis. Molestias est ut quam molestiae voluptas.', 4, '2019-03-14 03:51:52', '2019-03-14 03:51:52'),
(228, 1, 'Natalia Gusikowski', 'Ducimus quis fugiat quia et animi in ea. Perspiciatis nisi cumque error ut enim distinctio dolores. Omnis aut ut ab.', 4, '2019-03-14 03:51:52', '2019-03-14 03:51:52'),
(229, 1, 'Prof. Enola Hammes', 'Voluptas esse ut dolorem non error. Ut mollitia minus rerum. Doloribus et voluptas odio dicta.', 5, '2019-03-14 03:51:52', '2019-03-14 03:51:52'),
(230, 17, 'Conner Schowalter', 'Recusandae enim voluptatem iure tempora. Ut vero qui suscipit magni ut. Aperiam perferendis ipsum inventore necessitatibus quod quod et.', 0, '2019-03-14 03:51:52', '2019-03-14 03:51:52'),
(231, 7, 'Davon Buckridge', 'Cupiditate asperiores placeat molestias quis aut. Rem repellat quos possimus est amet ullam. Praesentium dolorum beatae quod ut doloribus exercitationem.', 3, '2019-03-14 03:51:52', '2019-03-14 03:51:52'),
(232, 18, 'Jeffry Stokes', 'Aperiam blanditiis perspiciatis et laudantium quisquam enim. Harum architecto dolorem nemo consectetur reiciendis. Fugit odit amet blanditiis.', 1, '2019-03-14 03:51:52', '2019-03-14 03:51:52'),
(233, 3, 'Eli Kutch', 'Aspernatur ut dolor maxime est sint id maxime nihil. Dolorem fugiat et iusto est. Odit id quidem velit.', 4, '2019-03-14 03:51:52', '2019-03-14 03:51:52'),
(234, 50, 'Don Rodriguez IV', 'Maxime dicta cupiditate dolor explicabo eum. Nemo quo aliquid aperiam soluta illum explicabo assumenda. Voluptates aut voluptate illo dolores nisi voluptatem. Et et aut nihil et facilis nam. Cupiditate dolorum tempore ut dolor quaerat.', 1, '2019-03-14 03:51:52', '2019-03-14 03:51:52'),
(235, 32, 'Florian Prohaska IV', 'Molestias ea rerum est alias numquam rerum. Voluptatem aliquid illum cum laboriosam. Quas error dolorem excepturi vel. Iusto rerum ullam impedit harum asperiores praesentium doloremque.', 2, '2019-03-14 03:51:52', '2019-03-14 03:51:52'),
(236, 2, 'Carissa Heaney MD', 'Est ut ex tempora et. Asperiores eveniet repudiandae in qui harum. Hic consequatur quisquam occaecati cumque. Ut aperiam ut eveniet quia sit repellat.', 3, '2019-03-14 03:51:52', '2019-03-14 03:51:52'),
(237, 21, 'Tremayne Zulauf', 'Dolores nesciunt perspiciatis fugit officiis maiores adipisci. Itaque cum amet eveniet voluptates sint dolores.', 3, '2019-03-14 03:51:52', '2019-03-14 03:51:52'),
(238, 38, 'Kristofer Skiles', 'Ipsam nesciunt magni suscipit deserunt error ab dolor. Rerum aut nihil facilis assumenda minima maiores similique.', 2, '2019-03-14 03:51:52', '2019-03-14 03:51:52'),
(239, 17, 'Willow Purdy DDS', 'Et ipsum ipsam dolor quaerat praesentium dolor. Non similique molestias similique numquam nisi nihil. Mollitia cumque ullam modi dolorum iste doloribus ea. Vitae sunt nulla doloremque repellat ut et.', 0, '2019-03-14 03:51:52', '2019-03-14 03:51:52'),
(240, 17, 'Kaden Heidenreich', 'Et fuga quo modi aut sed in eveniet. Tempore eum illo dolores error quisquam distinctio. Et magni iure ut. Minus culpa nihil omnis enim consequatur repellat voluptates.', 5, '2019-03-14 03:51:52', '2019-03-14 03:51:52'),
(241, 1, 'Tabitha Littel', 'Unde dolorum voluptate quo molestiae repellat sunt. Ipsa nemo quis magni aut ea. Cumque velit culpa repudiandae aut. Dolorum a sunt tenetur repellendus minima accusantium.', 0, '2019-03-14 03:51:52', '2019-03-14 03:51:52'),
(242, 49, 'Edythe Schulist', 'Omnis repellat voluptatum dolores similique quos deserunt. Necessitatibus eum dolores illo dicta voluptatibus aut praesentium ut. Vero rerum quibusdam repudiandae. Cum perferendis veniam quo ipsam repellat cum.', 3, '2019-03-14 03:51:52', '2019-03-14 03:51:52'),
(243, 3, 'Kellen Quitzon', 'Et ut nulla similique dolorum delectus eius et. Dignissimos quos quis id fuga quisquam. Placeat ipsa sint pariatur tempore magnam vero. Molestiae voluptatem quis est quidem.', 0, '2019-03-14 03:51:52', '2019-03-14 03:51:52'),
(244, 29, 'Jamison Powlowski', 'Doloremque eum quod corrupti dolores. Et ut consectetur repellendus. Et adipisci numquam reiciendis voluptas aut facere esse quae.', 2, '2019-03-14 03:51:53', '2019-03-14 03:51:53'),
(245, 18, 'Ryann Fadel', 'Voluptas voluptatum alias in ex in minima est. Eius ratione non nihil nam aperiam. Dolores quasi consequuntur laboriosam assumenda minus quia. Rem nihil mollitia repellendus dolores excepturi sit.', 4, '2019-03-14 03:51:53', '2019-03-14 03:51:53'),
(246, 25, 'Lon Kling', 'Quas quod maiores beatae ipsum. Sed delectus harum reiciendis in dolores. Et aut ducimus voluptatibus aut.', 0, '2019-03-14 03:51:53', '2019-03-14 03:51:53'),
(247, 36, 'Bell Mann DVM', 'Nobis est enim laborum culpa maiores mollitia. Maiores inventore aut eius. Excepturi tempora deleniti laudantium recusandae culpa qui hic.', 5, '2019-03-14 03:51:53', '2019-03-14 03:51:53'),
(248, 50, 'Avis Bailey', 'Eligendi asperiores qui dolores temporibus non officia totam. Atque quisquam quam tenetur laudantium repudiandae qui eos. Molestiae hic ea id tempora tempore odit quibusdam.', 0, '2019-03-14 03:51:53', '2019-03-14 03:51:53'),
(249, 36, 'Aubrey Roberts', 'Est qui fuga veritatis repellat explicabo et doloremque. Molestias veniam ut aut aut dolorum. Velit voluptatem omnis ut est.', 1, '2019-03-14 03:51:53', '2019-03-14 03:51:53'),
(250, 30, 'Mellie Hammes', 'Occaecati sint qui et aspernatur nam ad id quos. Facilis perferendis aut non omnis ea qui. Ipsa iste hic velit vitae in qui facilis.', 1, '2019-03-14 03:51:53', '2019-03-14 03:51:53'),
(251, 28, 'Alfonso Koss', 'Eius eligendi laudantium eveniet commodi. Perspiciatis dignissimos porro magnam quia nostrum voluptas. Eum praesentium ad omnis consectetur. Est ad mollitia corrupti dolorem molestiae quaerat.', 5, '2019-03-14 03:51:53', '2019-03-14 03:51:53'),
(252, 47, 'Ruthe Stehr II', 'Iste cupiditate doloremque quae voluptatum laborum et. Quia tenetur consequuntur et qui enim. Omnis a ipsam quidem temporibus voluptatem impedit aut. Soluta aut suscipit sed autem doloremque voluptatum.', 3, '2019-03-14 03:51:53', '2019-03-14 03:51:53'),
(253, 44, 'Carissa Hartmann', 'Officiis ex non deserunt optio qui. Quibusdam repellat consequatur ut ipsum eius necessitatibus in ad. Sed dolorem itaque corporis iure suscipit excepturi.', 2, '2019-03-14 03:51:53', '2019-03-14 03:51:53'),
(254, 20, 'Dr. Lucas Durgan III', 'Tenetur voluptate consequuntur blanditiis odio temporibus. Minima qui est aut. Quisquam quaerat temporibus in.', 5, '2019-03-14 03:51:53', '2019-03-14 03:51:53'),
(255, 3, 'Vladimir Howell', 'Dignissimos voluptatem architecto exercitationem quod architecto non aut. Voluptas blanditiis et fugit harum. Est vel voluptatem nobis unde hic. Omnis quaerat modi nesciunt ut quia deleniti et et.', 2, '2019-03-14 03:51:53', '2019-03-14 03:51:53'),
(256, 5, 'Sage Koelpin', 'Totam commodi et qui numquam laboriosam expedita. Soluta nemo officiis nihil libero numquam aut facere. At autem excepturi consectetur quia. Autem et omnis aut.', 3, '2019-03-14 03:51:53', '2019-03-14 03:51:53'),
(257, 20, 'Courtney Kohler', 'Eaque consequatur velit voluptas nesciunt quia quia saepe. Minima ea eveniet ex vel perferendis nesciunt quibusdam consectetur. Dolorem et voluptatum fugiat.', 4, '2019-03-14 03:51:53', '2019-03-14 03:51:53'),
(258, 12, 'Jarrell Nicolas', 'Qui atque et odio esse quo. Omnis ut amet cumque omnis placeat molestiae. In qui accusantium beatae eos neque. Placeat excepturi corrupti necessitatibus optio consequatur. Et aut beatae sit quia.', 5, '2019-03-14 03:51:53', '2019-03-14 03:51:53'),
(259, 38, 'Prof. Renee Bode', 'Id blanditiis quidem est ex. Quia est unde temporibus amet iusto voluptatem voluptatum. Ad id qui non consectetur deleniti voluptates unde dolores.', 2, '2019-03-14 03:51:53', '2019-03-14 03:51:53'),
(260, 9, 'Marshall Jaskolski', 'Laborum vitae rerum nihil hic impedit excepturi. Incidunt vel adipisci est illum.', 3, '2019-03-14 03:51:53', '2019-03-14 03:51:53'),
(261, 33, 'Ms. Paula Schmidt II', 'Asperiores perspiciatis laboriosam facilis aliquid nulla vero aspernatur. Qui iste quas sunt aliquid eaque quia libero omnis. Natus quaerat aperiam adipisci id.', 5, '2019-03-14 03:51:53', '2019-03-14 03:51:53'),
(262, 23, 'Vicky Schumm', 'Id ea dolor ipsam. Reprehenderit debitis vero quibusdam ea nobis mollitia explicabo. Et sunt nobis quas libero quae perspiciatis est quae. Est dolorem omnis totam ducimus.', 4, '2019-03-14 03:51:53', '2019-03-14 03:51:53'),
(263, 7, 'Prof. Ike Blick DDS', 'Voluptas molestias illum occaecati odit ea eligendi id. Aut at ut magnam. Quia eos tempore eos tempore mollitia tempore veritatis. Fuga perferendis tempora enim rerum.', 3, '2019-03-14 03:51:54', '2019-03-14 03:51:54'),
(264, 9, 'Orval Quitzon', 'Quisquam est labore perferendis quia saepe. Voluptas natus dolore quod sit similique quis nemo. Animi illum sit illum et sed est id. Repellendus vitae veritatis quo ducimus suscipit exercitationem ratione.', 3, '2019-03-14 03:51:54', '2019-03-14 03:51:54'),
(265, 40, 'Amos Quigley', 'Exercitationem voluptatibus eaque quia aperiam non similique harum repellat. Fuga odit illo vel recusandae culpa porro cum. Illo ut rerum neque quasi est. Asperiores sit ullam velit qui iste at non ut.', 5, '2019-03-14 03:51:54', '2019-03-14 03:51:54'),
(266, 5, 'Litzy Considine', 'Accusantium neque impedit voluptas eveniet. Dolores a quaerat explicabo vero ipsum. Et a illum ratione quia quaerat blanditiis.', 3, '2019-03-14 03:51:54', '2019-03-14 03:51:54'),
(267, 18, 'Dr. Tremaine Fisher Jr.', 'Culpa deserunt voluptas repellendus velit consequatur. Velit culpa voluptas voluptatem corporis. Architecto repellendus sed repellendus repellat. Provident molestiae sed quis amet autem soluta ut. Maiores pariatur vel veritatis dolor doloribus ipsum.', 4, '2019-03-14 03:51:54', '2019-03-14 03:51:54'),
(268, 43, 'Dr. Laurel Kub Sr.', 'Ut occaecati maiores rerum velit fugiat numquam. Voluptas quas dolores reprehenderit.', 1, '2019-03-14 03:51:54', '2019-03-14 03:51:54'),
(269, 18, 'Miss Penelope Schoen', 'Aut sint odit maxime corrupti omnis in unde. Laudantium et voluptatem quia consequatur quo enim aperiam. Ut qui sit quisquam ducimus.', 4, '2019-03-14 03:51:54', '2019-03-14 03:51:54'),
(270, 46, 'Lexie Brakus', 'Ducimus est et neque veniam recusandae nam. Rerum explicabo est blanditiis et dolores possimus consequatur architecto. Consequatur sit iusto eveniet et qui.', 0, '2019-03-14 03:51:54', '2019-03-14 03:51:54'),
(271, 34, 'Verlie Huel DDS', 'Qui consequuntur consequuntur et rerum iure consequatur exercitationem. Ad recusandae aut eos et sit. Deleniti dignissimos voluptatem sit veritatis qui esse non. Et provident nihil laudantium dolorem.', 1, '2019-03-14 03:51:54', '2019-03-14 03:51:54'),
(272, 42, 'Merle Gusikowski', 'Neque dolorem sit incidunt optio. Dicta labore deleniti veniam quia consequatur in. Tenetur numquam voluptatibus vitae quia. Consequatur aliquid nesciunt soluta quisquam.', 1, '2019-03-14 03:51:54', '2019-03-14 03:51:54'),
(273, 15, 'Allan Hill', 'Pariatur ex aliquam aut beatae temporibus dicta eos. Et temporibus qui autem minus neque. Voluptatem quibusdam iste quo laboriosam qui exercitationem nihil.', 0, '2019-03-14 03:51:54', '2019-03-14 03:51:54'),
(274, 25, 'Nels Cormier', 'Aut ex modi quia maiores placeat nihil sit. Nisi occaecati qui molestias ut enim. Nesciunt voluptatem et cupiditate.', 0, '2019-03-14 03:51:54', '2019-03-14 03:51:54'),
(275, 27, 'Mariane Streich V', 'Fuga doloremque ex blanditiis eos. Voluptates sed adipisci voluptatibus laboriosam sint voluptas. Quae molestias autem et.', 3, '2019-03-14 03:51:54', '2019-03-14 03:51:54'),
(276, 13, 'Nico Mosciski', 'Ratione quia praesentium ut voluptatem corrupti est. Quod unde soluta est beatae reprehenderit. Et aut assumenda voluptates tempore aliquam reprehenderit. Voluptas laudantium ut et rerum quos quas et.', 4, '2019-03-14 03:51:54', '2019-03-14 03:51:54'),
(277, 9, 'Laurence Stamm', 'Eligendi animi esse rerum commodi sit voluptatum. Voluptas deleniti debitis deleniti architecto libero dolor est. Ut suscipit perspiciatis accusantium nobis sunt saepe. Tenetur ut a est facere quia.', 4, '2019-03-14 03:51:54', '2019-03-14 03:51:54'),
(278, 20, 'Mrs. Macy Ankunding Jr.', 'Praesentium natus et assumenda dolore. Quo ea cupiditate quod ipsum dolores aut et. Similique sunt culpa consequatur assumenda ullam.', 0, '2019-03-14 03:51:54', '2019-03-14 03:51:54'),
(279, 28, 'Eusebio Swaniawski', 'Assumenda perspiciatis velit sunt ab recusandae accusamus. Modi alias nostrum aperiam sapiente. Id odit ipsam velit.', 0, '2019-03-14 03:51:54', '2019-03-14 03:51:54'),
(280, 16, 'Gilberto Stark', 'Totam illum aspernatur aut quos voluptate fuga. Omnis qui qui quibusdam aperiam aut odio in. Quis nulla et enim consequatur provident.', 5, '2019-03-14 03:51:54', '2019-03-14 03:51:54'),
(281, 26, 'Lauretta Hamill', 'Est et et voluptates commodi ut dolorem deserunt. Accusantium et dolor minus adipisci aliquid est quis. Non dolore ipsam ducimus illum rem quia dolor.', 1, '2019-03-14 03:51:54', '2019-03-14 03:51:54'),
(282, 25, 'Pearline Effertz II', 'Id totam quod et illum. Pariatur enim quis ut distinctio. Adipisci distinctio omnis dolores cumque aut quaerat voluptatem.', 5, '2019-03-14 03:51:54', '2019-03-14 03:51:54'),
(283, 3, 'Prof. Walton Walter', 'Aut ducimus quibusdam saepe mollitia consequatur. Sint officiis deserunt repellat rerum aut. Cum et incidunt fugiat laboriosam est. In aut et necessitatibus aliquam. Eos cum consequatur omnis sit delectus quod rem.', 3, '2019-03-14 03:51:54', '2019-03-14 03:51:54'),
(284, 19, 'Fredy Volkman', 'Mollitia laborum aut ea itaque aperiam ipsum adipisci. Ad rerum in incidunt facilis libero qui. Id ea praesentium quis expedita est saepe voluptates.', 4, '2019-03-14 03:51:54', '2019-03-14 03:51:54'),
(285, 5, 'Ms. Bulah Boehm', 'Aut doloremque incidunt maiores est eum minima officiis. Fugit animi aliquam cupiditate eum hic aliquid autem fugit. Eaque ut laborum ea at voluptatem excepturi mollitia dicta. Ipsum id quas quis molestias eligendi sed.', 3, '2019-03-14 03:51:55', '2019-03-14 03:51:55'),
(286, 49, 'Kyle Hegmann II', 'Quaerat earum optio incidunt tenetur est similique id. Dolorem reprehenderit eligendi rem nisi qui. Hic qui blanditiis iure mollitia omnis.', 5, '2019-03-14 03:51:55', '2019-03-14 03:51:55'),
(287, 24, 'Beulah Daniel', 'Ea voluptatem rem ut nemo praesentium. Fuga qui officiis dicta quod.', 4, '2019-03-14 03:51:55', '2019-03-14 03:51:55'),
(288, 38, 'Vivian Orn', 'Aut autem itaque doloremque. Qui itaque error dolorem ducimus ipsam. Veniam deserunt itaque id ducimus autem aut perspiciatis.', 2, '2019-03-14 03:51:55', '2019-03-14 03:51:55'),
(289, 36, 'Dr. Juana Parker', 'Dolorum eos commodi aperiam qui modi. Veritatis et eaque aliquam qui. Rem sunt illo hic. Id architecto est itaque.', 0, '2019-03-14 03:51:55', '2019-03-14 03:51:55'),
(290, 14, 'Connie Leannon', 'Porro id necessitatibus sunt ab voluptas omnis. Ab hic minus ut. Tenetur excepturi ipsam dolor ipsum. Numquam necessitatibus ex quos et. Vel consequuntur hic officiis ut.', 0, '2019-03-14 03:51:55', '2019-03-14 03:51:55'),
(291, 6, 'Prof. Hal Stanton II', 'Vero qui quia explicabo reiciendis occaecati voluptas eveniet. Est et repellendus iure. Id voluptatem placeat ullam. Labore pariatur voluptatem ut ut voluptatum.', 4, '2019-03-14 03:51:55', '2019-03-14 03:51:55'),
(292, 2, 'Mr. Curt Schultz', 'Voluptatem cum omnis impedit esse atque maxime. Nihil iure velit fuga molestiae. Animi et ratione aut nostrum commodi minima.', 4, '2019-03-14 03:51:55', '2019-03-14 03:51:55'),
(293, 38, 'Mr. Bradley Auer', 'Modi doloribus non voluptate dolorem est. Ut consequatur culpa ut eaque expedita laborum numquam dolorem. Quam assumenda ullam nesciunt odio quia.', 3, '2019-03-14 03:51:55', '2019-03-14 03:51:55'),
(294, 5, 'Ashlee Windler', 'Odio sint quibusdam praesentium ut est voluptate aut. Tempore minima at nisi accusamus excepturi qui sapiente beatae. Iste tenetur quos sint maxime.', 4, '2019-03-14 03:51:55', '2019-03-14 03:51:55'),
(295, 43, 'Jess Leffler', 'Minus et aliquid aut quas laborum. Sed perspiciatis a molestiae ea doloribus. Voluptas quaerat illo aut sed aperiam quis.', 0, '2019-03-14 03:51:55', '2019-03-14 03:51:55'),
(296, 48, 'Burnice Goldner', 'Omnis voluptatibus velit eveniet modi neque iste facilis est. Aut atque aut quae molestiae et fuga. Quaerat est consequatur mollitia laudantium consectetur voluptate.', 2, '2019-03-14 03:51:55', '2019-03-14 03:51:55'),
(297, 26, 'Mr. Emmett King', 'Aut provident qui deserunt eum optio velit omnis. Eligendi sit expedita iusto quo at tempora. Neque veniam eum minima fuga officia.', 5, '2019-03-14 03:51:55', '2019-03-14 03:51:55'),
(298, 49, 'Toby Hane', 'Velit modi itaque omnis impedit et ut. Est corrupti eaque laudantium sequi. Labore aut ducimus velit cumque nemo iure qui.', 1, '2019-03-14 03:51:55', '2019-03-14 03:51:55'),
(299, 44, 'Hudson Pollich', 'Optio rem sit animi placeat sit ut. Dolor et dolorem optio ex. Itaque necessitatibus eum sed quos quo dicta.', 3, '2019-03-14 03:51:55', '2019-03-14 03:51:55'),
(300, 27, 'Mrs. Josie Ernser II', 'Ut laudantium suscipit ea dolorum. Libero asperiores aut non. Iure veritatis aut at ut.', 3, '2019-03-14 03:51:55', '2019-03-14 03:51:55');

-- --------------------------------------------------------

--
-- Estructura de tabla para la tabla `users`
--

CREATE TABLE `users` (
  `id` int(10) UNSIGNED NOT NULL,
  `name` varchar(191) COLLATE utf8mb4_unicode_ci NOT NULL,
  `email` varchar(191) COLLATE utf8mb4_unicode_ci NOT NULL,
  `password` varchar(191) COLLATE utf8mb4_unicode_ci NOT NULL,
  `remember_token` varchar(100) COLLATE utf8mb4_unicode_ci DEFAULT NULL,
  `created_at` timestamp NULL DEFAULT NULL,
  `updated_at` timestamp NULL DEFAULT NULL
) ENGINE=InnoDB DEFAULT CHARSET=utf8mb4 COLLATE=utf8mb4_unicode_ci;

--
-- Índices para tablas volcadas
--

--
-- Indices de la tabla `migrations`
--
ALTER TABLE `migrations`
  ADD PRIMARY KEY (`id`);

--
-- Indices de la tabla `password_resets`
--
ALTER TABLE `password_resets`
  ADD KEY `password_resets_email_index` (`email`);

--
-- Indices de la tabla `products`
--
ALTER TABLE `products`
  ADD PRIMARY KEY (`id`);

--
-- Indices de la tabla `reviews`
--
ALTER TABLE `reviews`
  ADD PRIMARY KEY (`id`),
  ADD KEY `reviews_product_id_index` (`product_id`);

--
-- Indices de la tabla `users`
--
ALTER TABLE `users`
  ADD PRIMARY KEY (`id`),
  ADD UNIQUE KEY `users_email_unique` (`email`);

--
-- AUTO_INCREMENT de las tablas volcadas
--

--
-- AUTO_INCREMENT de la tabla `migrations`
--
ALTER TABLE `migrations`
  MODIFY `id` int(10) UNSIGNED NOT NULL AUTO_INCREMENT, AUTO_INCREMENT=5;

--
-- AUTO_INCREMENT de la tabla `products`
--
ALTER TABLE `products`
  MODIFY `id` int(10) UNSIGNED NOT NULL AUTO_INCREMENT, AUTO_INCREMENT=51;

--
-- AUTO_INCREMENT de la tabla `reviews`
--
ALTER TABLE `reviews`
  MODIFY `id` int(10) UNSIGNED NOT NULL AUTO_INCREMENT, AUTO_INCREMENT=301;

--
-- AUTO_INCREMENT de la tabla `users`
--
ALTER TABLE `users`
  MODIFY `id` int(10) UNSIGNED NOT NULL AUTO_INCREMENT;

--
-- Restricciones para tablas volcadas
--

--
-- Filtros para la tabla `reviews`
--
ALTER TABLE `reviews`
  ADD CONSTRAINT `reviews_product_id_foreign` FOREIGN KEY (`product_id`) REFERENCES `products` (`id`) ON DELETE CASCADE;
COMMIT;

/*!40101 SET CHARACTER_SET_CLIENT=@OLD_CHARACTER_SET_CLIENT */;
/*!40101 SET CHARACTER_SET_RESULTS=@OLD_CHARACTER_SET_RESULTS */;
/*!40101 SET COLLATION_CONNECTION=@OLD_COLLATION_CONNECTION */;
